-- MySQL dump 10.13  Distrib 5.6.16, for Win32 (x86)
--
-- Host: localhost    Database: web_data_fetch
-- ------------------------------------------------------
-- Server version	5.6.16

/*!40101 SET @OLD_CHARACTER_SET_CLIENT=@@CHARACTER_SET_CLIENT */;
/*!40101 SET @OLD_CHARACTER_SET_RESULTS=@@CHARACTER_SET_RESULTS */;
/*!40101 SET @OLD_COLLATION_CONNECTION=@@COLLATION_CONNECTION */;
/*!40101 SET NAMES utf8 */;
/*!40103 SET @OLD_TIME_ZONE=@@TIME_ZONE */;
/*!40103 SET TIME_ZONE='+00:00' */;
/*!40014 SET @OLD_UNIQUE_CHECKS=@@UNIQUE_CHECKS, UNIQUE_CHECKS=0 */;
/*!40014 SET @OLD_FOREIGN_KEY_CHECKS=@@FOREIGN_KEY_CHECKS, FOREIGN_KEY_CHECKS=0 */;
/*!40101 SET @OLD_SQL_MODE=@@SQL_MODE, SQL_MODE='NO_AUTO_VALUE_ON_ZERO' */;
/*!40111 SET @OLD_SQL_NOTES=@@SQL_NOTES, SQL_NOTES=0 */;

--
-- Table structure for table `amazon_category`
--

DROP TABLE IF EXISTS `amazon_category`;
/*!40101 SET @saved_cs_client     = @@character_set_client */;
/*!40101 SET character_set_client = utf8 */;
CREATE TABLE `amazon_category` (
  `id` int(11) NOT NULL AUTO_INCREMENT,
  `name` varchar(255) DEFAULT NULL,
  `search_url` varchar(255) DEFAULT '' COMMENT '页面搜索出来的初始url',
  `goods_type` varchar(255) DEFAULT NULL COMMENT '商品类型',
  `sex` enum('male','female') DEFAULT NULL COMMENT '男用还是女用',
  `display` enum('yes','no') DEFAULT 'yes' COMMENT '是否显示并爬网页',
  `search_status` enum('searching','complete') DEFAULT NULL,
  `last_http_code` int(11) DEFAULT NULL,
  `gmt_created` datetime NOT NULL,
  `gmt_modified` datetime NOT NULL,
  PRIMARY KEY (`id`)
) ENGINE=InnoDB AUTO_INCREMENT=5 DEFAULT CHARSET=utf8;
/*!40101 SET character_set_client = @saved_cs_client */;

--
-- Dumping data for table `amazon_category`
--

LOCK TABLES `amazon_category` WRITE;
/*!40000 ALTER TABLE `amazon_category` DISABLE KEYS */;
INSERT INTO `amazon_category` VALUES (1,'男士手表','http://www.amazon.com/s/ref=nb_sb_noss?url=search-alias%3Dfashion-mens-watches&field-keywords=MARC+BY+MARC+JACOBS','watch','male','yes','complete',200,'2014-10-01 01:30:54','2015-02-09 02:51:12'),(2,'女士手表','http://www.amazon.com/s/ref=nb_sb_noss?url=search-alias%3Dfashion-womens-watches&field-keywords=MARC+BY+MARC+JACOBS','watch','female','yes','complete',200,'2014-10-01 12:40:38','2015-02-09 02:51:36'),(3,'女士鞋子(Dansko)','http://www.amazon.com/s/ref=nb_sb_noss_1?url=search-alias%3Dfashion-womens-shoes&field-keywords=Dansko','shoes','female','yes','complete',200,'2014-11-09 10:05:26','2015-02-09 02:51:36'),(4,'女士鞋子(cole haan)','http://www.amazon.com/s/ref=nb_sb_noss?url=search-alias%3Dfashion-womens-shoes&field-keywords=cole+haan&rh=i%3Afashion-womens-shoes%2Ck%3Acole+haan','shoes','female','yes','complete',200,'2014-11-09 10:06:49','2015-02-09 02:51:36');
/*!40000 ALTER TABLE `amazon_category` ENABLE KEYS */;
UNLOCK TABLES;

--
-- Table structure for table `amazon_item`
--

DROP TABLE IF EXISTS `amazon_item`;
/*!40101 SET @saved_cs_client     = @@character_set_client */;
/*!40101 SET character_set_client = utf8 */;
CREATE TABLE `amazon_item` (
  `id` int(11) NOT NULL AUTO_INCREMENT,
  `name` varchar(255) DEFAULT NULL,
  `asin` varchar(255) NOT NULL COMMENT 'amazon的唯一id',
  `item_url` varchar(255) NOT NULL COMMENT '商品的url',
  `last_http_code` int(11) DEFAULT '0' COMMENT '上一次查询返回的响应代码,0是没有得到返回',
  `whole_content` longtext COMMENT 'http请求返回的文本内容',
  `belongto_category_id` int(11) DEFAULT NULL COMMENT '属于哪一类',
  `gmt_created` datetime NOT NULL,
  `gmt_modified` datetime NOT NULL,
  PRIMARY KEY (`id`),
  UNIQUE KEY `asin_index` (`asin`)
) ENGINE=InnoDB AUTO_INCREMENT=68 DEFAULT CHARSET=utf8;
/*!40101 SET character_set_client = @saved_cs_client */;

--
-- Dumping data for table `amazon_item`
--

LOCK TABLES `amazon_item` WRITE;
/*!40000 ALTER TABLE `amazon_item` DISABLE KEYS */;
INSERT INTO `amazon_item` VALUES (1,'Marc by Marc Jacobs Men\'s MBM5077 Fergus Analog Display Analog Quartz Brown Watch','B00KCCWHUM','http://www.amazon.com/dp/B00KCCWHUM',200,'{\"BrandSellerorCollectionName\":\"Marc by Marc Jacobs\",\"ModelNum\":\"MBM5077\",\"asin\":\"B00KCCWHUM\",\"imgUrls\":[\"http://ecx.images-amazon.com/images/I/51-grwiMxBL.jpg\",\"http://ecx.images-amazon.com/images/I/31CDFihtZvL.jpg\",\"http://ecx.images-amazon.com/images/I/41xJW4BTV7L.jpg\",\"http://ecx.images-amazon.com/images/I/31MpUA8mLjL.jpg\"],\"material\":{\"Band Color\":\"Brown\",\"Band Material\":\"leather calfskin\",\"Case Material\":\"Stainless steel\",\"Dial window material type\":\"Mineral\"},\"price\":\"$225.00\",\"seller\":\"\",\"stock\":\"Only 2 left in stock.\"}',1,'2015-02-09 01:57:40','2015-02-09 02:51:09'),(2,'Marc by Marc Jacobs Men\'s MBM5039 Danny Analog Display Analog Quartz Brown Watch','B00HGDLNYQ','http://www.amazon.com/dp/B00HGDLNYQ',200,'{\"BrandSellerorCollectionName\":\"Marc by Marc Jacobs\",\"ModelNum\":\"MBM5039\",\"asin\":\"B00HGDLNYQ\",\"imgUrls\":[\"http://ecx.images-amazon.com/images/I/51nhnvmILOL.jpg\",\"http://ecx.images-amazon.com/images/I/3196WJApvZL.jpg\",\"http://ecx.images-amazon.com/images/I/41xJW4BTV7L.jpg\",\"http://ecx.images-amazon.com/images/I/31MpUA8mLjL.jpg\"],\"material\":{\"Band Color\":\"Brown\",\"Band Material\":\"leather calfskin\",\"Case Material\":\"Stainless steel\",\"Dial window material type\":\"Mineral\"},\"price\":\"$200.00\",\"seller\":\"\",\"stock\":\"Only 5 left in stock.\"}',1,'2015-02-09 01:57:40','2015-02-09 02:51:10'),(3,'Marc by Marc Jacobs Men\'s MBM5070 Danny Analog Display Analog Quartz Silver Watch','B00IPQWBQW','http://www.amazon.com/dp/B00IPQWBQW',200,'{\"BrandSellerorCollectionName\":\"Marc by Marc Jacobs\",\"ModelNum\":\"MBM5070\",\"asin\":\"B00IPQWBQW\",\"imgUrls\":[\"http://ecx.images-amazon.com/images/I/51mriIVCzxL.jpg\",\"http://ecx.images-amazon.com/images/I/21Jow5x9wOL.jpg\",\"http://ecx.images-amazon.com/images/I/41xJW4BTV7L.jpg\",\"http://ecx.images-amazon.com/images/I/31MpUA8mLjL.jpg\"],\"material\":{\"Band Color\":\"Silver\",\"Band Material\":\"Stainless steel\",\"Case Material\":\"Stainless steel\",\"Dial window material type\":\"Mineral\"},\"price\":\"$231.88\",\"seller\":\"\",\"stock\":\"Only 5 left in stock.\"}',1,'2015-02-09 01:57:40','2015-02-09 02:51:09'),(4,'Marc by Marc Jacobs Men\'s MBM5063 Fergus Analog Display Analog Quartz Silver Watch','B00RZD2L6Q','http://www.amazon.com/dp/B00RZD2L6Q',200,'{\"BrandSellerorCollectionName\":\"Marc by Marc Jacobs\",\"ModelNum\":\"MBM5063\",\"asin\":\"B00RZD2L6Q\",\"imgUrls\":[\"http://ecx.images-amazon.com/images/I/51utZHNVvdL.jpg\",\"http://ecx.images-amazon.com/images/I/317a5dMDeRL.jpg\",\"http://ecx.images-amazon.com/images/I/41xJW4BTV7L.jpg\",\"http://ecx.images-amazon.com/images/I/31MpUA8mLjL.jpg\"],\"material\":{\"Band Color\":\"Silver\",\"Band Material\":\"Stainless steel\",\"Case Material\":\"Stainless steel\",\"Dial window material type\":\"Mineral\"},\"price\":\"$250.00\",\"seller\":\"\",\"stock\":\"Only 2 left in stock.\"}',1,'2015-02-09 01:57:41','2015-02-09 02:51:09'),(5,'Marc by Marc Jacobs Men\'s MBM5036 Danny Analog Display Analog Quartz Silver Watch','B00HGDLO9K','http://www.amazon.com/dp/B00HGDLO9K',200,'{\"BrandSellerorCollectionName\":\"Marc by Marc Jacobs\",\"ModelNum\":\"MBM5036\",\"asin\":\"B00HGDLO9K\",\"imgUrls\":[\"http://ecx.images-amazon.com/images/I/51AYYnQ3O%2BL.jpg\",\"http://ecx.images-amazon.com/images/I/31MYBS8sKwL.jpg\",\"http://ecx.images-amazon.com/images/I/41xJW4BTV7L.jpg\",\"http://ecx.images-amazon.com/images/I/31MpUA8mLjL.jpg\"],\"material\":{\"Band Color\":\"Silver\",\"Band Material\":\"Stainless steel\",\"Case Material\":\"Stainless steel\",\"Dial window material type\":\"Mineral\"},\"price\":\"$225.00\",\"seller\":\"\",\"stock\":\"Only 5 left in stock.\"}',1,'2015-02-09 01:57:41','2015-02-09 02:51:09'),(6,'Marc by Marc Jacobs Men\'s MBM5076 Fergus Analog Display Analog Quartz Black Watch','B00KCCWGBC','http://www.amazon.com/dp/B00KCCWGBC',200,'{\"BrandSellerorCollectionName\":\"Marc by Marc Jacobs\",\"ModelNum\":\"MBM5076\",\"asin\":\"B00KCCWGBC\",\"imgUrls\":[\"http://ecx.images-amazon.com/images/I/51TiCjMZGWL.jpg\",\"http://ecx.images-amazon.com/images/I/31YSELIH1hL.jpg\",\"http://ecx.images-amazon.com/images/I/41xJW4BTV7L.jpg\",\"http://ecx.images-amazon.com/images/I/31MpUA8mLjL.jpg\"],\"material\":{\"Band Color\":\"Black\",\"Band Material\":\"leather calfskin\",\"Case Material\":\"Stainless steel\",\"Dial window material type\":\"Mineral\"},\"price\":\"$200.00\",\"seller\":\"\",\"stock\":\"Only 3 left in stock.\"}',1,'2015-02-09 01:57:41','2015-02-09 02:51:10'),(7,'Marc by Marc Jacobs Men\'s MBM5040 Danny Analog Display Analog Quartz Black Watch','B00FAORY5A','http://www.amazon.com/dp/B00FAORY5A',200,'{\"BrandSellerorCollectionName\":\"Marc by Marc Jacobs\",\"ModelNum\":\"MBM5040\",\"asin\":\"B00FAORY5A\",\"imgUrls\":[\"http://ecx.images-amazon.com/images/I/41fPz0wP-qL.jpg\",\"http://ecx.images-amazon.com/images/I/31lx75ZxISL.jpg\",\"http://ecx.images-amazon.com/images/I/41xJW4BTV7L.jpg\",\"http://ecx.images-amazon.com/images/I/31MpUA8mLjL.jpg\"],\"material\":{\"Band Color\":\"Black\",\"Band Material\":\"leather calfskin\",\"Case Material\":\"Stainless steel\",\"Dial window material type\":\"Mineral\"},\"price\":\"$200.00\",\"seller\":\"\",\"stock\":\"Only 5 left in stock.\"}',1,'2015-02-09 01:57:41','2015-02-09 02:51:10'),(8,'Marc by Marc Jacobs Men\'s MBM5059 Jimmy Analog Display Analog Quartz Black Watch','B00HGDLMOW','http://www.amazon.com/dp/B00HGDLMOW',200,'{\"BrandSellerorCollectionName\":\"Marc by Marc Jacobs\",\"ModelNum\":\"MBM5059\",\"asin\":\"B00HGDLMOW\",\"imgUrls\":[\"http://ecx.images-amazon.com/images/I/51q10HsixeL.jpg\",\"http://ecx.images-amazon.com/images/I/314GkBuFAwL.jpg\",\"http://ecx.images-amazon.com/images/I/41xJW4BTV7L.jpg\",\"http://ecx.images-amazon.com/images/I/31MpUA8mLjL.jpg\"],\"material\":{\"Band Color\":\"Black\",\"Band Material\":\"Stainless steel\",\"Case Material\":\"Stainless steel\",\"Dial window material type\":\"Mineral\"},\"price\":\"$250.00\",\"seller\":\"\",\"stock\":\"Only 1 left in stock.\"}',1,'2015-02-09 01:57:41','2015-02-09 02:51:10'),(9,'Marc by Marc Jacobs Men\'s MBM5075 Fergus Analog Display Analog Quartz Silver Watch','B00KCCWFRC','http://www.amazon.com/dp/B00KCCWFRC',200,'{\"BrandSellerorCollectionName\":\"Marc by Marc Jacobs\",\"ModelNum\":\"MBM5075\",\"asin\":\"B00KCCWFRC\",\"imgUrls\":[\"http://ecx.images-amazon.com/images/I/51ztuIoMWzL.jpg\",\"http://ecx.images-amazon.com/images/I/31KuKE-3HiL.jpg\",\"http://ecx.images-amazon.com/images/I/41xJW4BTV7L.jpg\",\"http://ecx.images-amazon.com/images/I/31MpUA8mLjL.jpg\"],\"material\":{\"Band Color\":\"Silver\",\"Band Material\":\"Stainless steel\",\"Case Material\":\"Stainless steel\",\"Dial window material type\":\"Mineral\"},\"price\":\"$225.00\",\"seller\":\"\",\"stock\":\"In Stock.\"}',1,'2015-02-09 01:57:42','2015-02-09 02:51:11'),(10,'Marc by Marc Jacobs Men\'s MBM5074 Fergus Analog Display Analog Quartz Black Watch','B00NC3YIDM','http://www.amazon.com/dp/B00NC3YIDM',200,'{\"BrandSellerorCollectionName\":\"Marc by Marc Jacobs\",\"ModelNum\":\"MBM5074\",\"asin\":\"B00NC3YIDM\",\"imgUrls\":[\"http://ecx.images-amazon.com/images/I/51Wv6WRzQgL.jpg\",\"http://ecx.images-amazon.com/images/I/31ELPlrmcyL.jpg\",\"http://ecx.images-amazon.com/images/I/41xJW4BTV7L.jpg\",\"http://ecx.images-amazon.com/images/I/31MpUA8mLjL.jpg\"],\"material\":{\"Band Color\":\"Black\",\"Band Material\":\"leather calfskin\",\"Case Material\":\"Stainless steel\",\"Dial window material type\":\"Mineral\"},\"price\":\"$225.00\",\"seller\":\"\",\"stock\":\"Only 3 left in stock.\"}',1,'2015-02-09 01:57:42','2015-02-09 02:51:11'),(11,'Marc by Marc Jacobs Men\'s MBM5066 Fergus Analog Display Analog Quartz Brown Watch','B00NJ3CV98','http://www.amazon.com/dp/B00NJ3CV98',200,'{\"BrandSellerorCollectionName\":\"Marc by Marc Jacobs\",\"ModelNum\":\"MBM5066\",\"asin\":\"B00NJ3CV98\",\"imgUrls\":[\"http://ecx.images-amazon.com/images/I/51wdlKgU3uL.jpg\",\"http://ecx.images-amazon.com/images/I/31aih%2Bak-XL.jpg\",\"http://ecx.images-amazon.com/images/I/41xJW4BTV7L.jpg\",\"http://ecx.images-amazon.com/images/I/31MpUA8mLjL.jpg\"],\"material\":{\"Band Color\":\"Brown\",\"Band Material\":\"leather calfskin\",\"Case Material\":\"Stainless steel\",\"Dial window material type\":\"Mineral\"},\"price\":\"$225.00\",\"seller\":\"\",\"stock\":\"Only 3 left in stock.\"}',1,'2015-02-09 01:57:43','2015-02-09 02:51:10'),(12,'Marc by Marc Jacobs Men\'s MBM5065 Fergus Analog Display Analog Quartz Black Watch','B00NJ39IHQ','http://www.amazon.com/dp/B00NJ39IHQ',200,'{\"BrandSellerorCollectionName\":\"Marc by Marc Jacobs\",\"ModelNum\":\"MBM5065\",\"asin\":\"B00NJ39IHQ\",\"imgUrls\":[\"http://ecx.images-amazon.com/images/I/51lymk2fmaL.jpg\",\"http://ecx.images-amazon.com/images/I/31pvyvxxz0L.jpg\",\"http://ecx.images-amazon.com/images/I/41xJW4BTV7L.jpg\",\"http://ecx.images-amazon.com/images/I/31MpUA8mLjL.jpg\"],\"material\":{\"Band Color\":\"Black\",\"Band Material\":\"Stainless steel\",\"Case Material\":\"Stainless steel\",\"Dial window material type\":\"Mineral\"},\"price\":\"$300.00\",\"seller\":\"\",\"stock\":\"In Stock.\"}',1,'2015-02-09 01:57:43','2015-02-09 02:51:11'),(13,'Marc By Marc Jacobs Men\'s Jimmy MBM5060 Red Leather Quartz Watch with Black Dial','B00HGDLMCO','http://www.amazon.com/dp/B00HGDLMCO',200,'{\"BrandSellerorCollectionName\":\"Marc by Marc Jacobs\",\"ModelNum\":\"MBM5060\",\"asin\":\"B00HGDLMCO\",\"imgUrls\":[\"http://ecx.images-amazon.com/images/I/41BEyvI7nWL.jpg\",\"http://ecx.images-amazon.com/images/I/41EWAfodyoL.jpg\",\"http://ecx.images-amazon.com/images/I/41Ek7Ws3QOL.jpg\"],\"material\":{\"Band Color\":\"Red\",\"Band Material\":\"Calfskin\",\"Case Material\":\"Stainless steel\",\"Dial window material type\":\"Mineral\"},\"price\":\"\",\"seller\":\"\",\"stock\":\"Available from <a href=\'/gp/offer-listing/B00HGDLMCO/ref=dp_olp_0?ie=UTF8&amp;condition=all\'>these sellers</a>.\"}',1,'2015-02-09 01:57:43','2015-02-09 02:51:11'),(14,'Marc by Marc Jacobs Women\'s MBM1329 Baker Analog Display Analog Quartz Blue Watch','B00IN0T0I2','http://www.amazon.com/dp/B00IN0T0I2',200,'{\"BrandSellerorCollectionName\":\"Marc by Marc Jacobs\",\"ModelNum\":\"MBM1329\",\"asin\":\"B00IN0T0I2\",\"imgUrls\":[\"http://ecx.images-amazon.com/images/I/41vRZ4SFxCL.jpg\",\"http://ecx.images-amazon.com/images/I/31t3Yrn%2BPUL.jpg\",\"http://ecx.images-amazon.com/images/I/41xJW4BTV7L.jpg\",\"http://ecx.images-amazon.com/images/I/31MpUA8mLjL.jpg\"],\"material\":{\"Band Color\":\"Blue\",\"Band Material\":\"leather calfskin\",\"Case Material\":\"Stainless steel\",\"Dial window material type\":\"Mineral\"},\"price\":\"$175.00\",\"seller\":\"\",\"stock\":\"In Stock.\"}',2,'2015-02-09 01:57:49','2015-02-09 02:51:17'),(15,'Marc by Marc Jacobs Women\'s MBM3244 Baker Analog Display Analog Quartz Rose Gold Watch','B00BFNASEY','http://www.amazon.com/dp/B00BFNASEY',200,'{\"BrandSellerorCollectionName\":\"Marc by Marc Jacobs\",\"ModelNum\":\"MBM3244\",\"asin\":\"B00BFNASEY\",\"imgUrls\":[\"http://ecx.images-amazon.com/images/I/41NnCDxvZpL.jpg\",\"http://ecx.images-amazon.com/images/I/31-eVpFb7HL.jpg\",\"http://ecx.images-amazon.com/images/I/41xJW4BTV7L.jpg\",\"http://ecx.images-amazon.com/images/I/31MpUA8mLjL.jpg\"],\"material\":{\"Band Color\":\"rose gold\",\"Band Material\":\"Stainless steel\",\"Case Material\":\"Stainless steel\",\"Dial window material type\":\"Mineral\"},\"price\":\"$225.00\",\"seller\":\"\",\"stock\":\"In Stock.\"}',2,'2015-02-09 01:57:49','2015-02-09 02:51:17'),(16,'Marc by Marc Jacobs Women\'s MBM3054 Amy Midsize White Dial Watch','B0049T1VFQ','http://www.amazon.com/dp/B0049T1VFQ',200,'{\"BrandSellerorCollectionName\":\"Marc by Marc Jacobs\",\"ModelNum\":\"MBM3054\",\"asin\":\"B0049T1VFQ\",\"imgUrls\":[\"http://ecx.images-amazon.com/images/I/41nMxdwz26L.jpg\",\"http://ecx.images-amazon.com/images/I/31JrE8BPWGL.jpg\",\"http://ecx.images-amazon.com/images/I/41xJW4BTV7L.jpg\",\"http://ecx.images-amazon.com/images/I/31MpUA8mLjL.jpg\"],\"material\":{\"Band Color\":\"Silver\",\"Band Material\":\"Stainless steel\",\"Case Material\":\"Stainless steel\",\"Dial window material type\":\"Mineral\"},\"price\":\"$175.00\",\"seller\":\"\",\"stock\":\"In Stock.\"}',2,'2015-02-09 01:57:49','2015-02-09 02:51:17'),(17,'Marc by Marc Jacobs Women\'s MBM1269 Baker Analog Display Analog Quartz Black Watch','B00BFNARVS','http://www.amazon.com/dp/B00BFNARVS',200,'{\"BrandSellerorCollectionName\":\"Marc by Marc Jacobs\",\"ModelNum\":\"MBM1269\",\"asin\":\"B00BFNARVS\",\"imgUrls\":[\"http://ecx.images-amazon.com/images/I/41Xtrqo3UWL.jpg\",\"http://ecx.images-amazon.com/images/I/31eYiDRYu8L.jpg\",\"http://ecx.images-amazon.com/images/I/41xJW4BTV7L.jpg\",\"http://ecx.images-amazon.com/images/I/31MpUA8mLjL.jpg\"],\"material\":{\"Band Color\":\"Black\",\"Band Material\":\"leather calfskin\",\"Case Material\":\"Stainless steel\",\"Dial window material type\":\"Mineral\"},\"price\":\"$175.00\",\"seller\":\"\",\"stock\":\"In Stock.\"}',2,'2015-02-09 01:57:49','2015-02-09 02:51:17'),(18,'Marc by Marc Jacobs Women\'s MBM1266 Baker Analog Display Analog Quartz Grey Watch','B00BFNAKBU','http://www.amazon.com/dp/B00BFNAKBU',200,'{\"BrandSellerorCollectionName\":\"Marc by Marc Jacobs\",\"ModelNum\":\"MBM1266\",\"asin\":\"B00BFNAKBU\",\"imgUrls\":[\"http://ecx.images-amazon.com/images/I/41IbciaxjhL.jpg\",\"http://ecx.images-amazon.com/images/I/21vPsCvw2-L.jpg\",\"http://ecx.images-amazon.com/images/I/41xJW4BTV7L.jpg\",\"http://ecx.images-amazon.com/images/I/31MpUA8mLjL.jpg\"],\"material\":{\"Band Color\":\"Grey\",\"Band Material\":\"leather calfskin\",\"Case Material\":\"Stainless steel\",\"Dial window material type\":\"Mineral\"},\"price\":\"$175.00\",\"seller\":\"\",\"stock\":\"In Stock.\"}',2,'2015-02-09 01:57:50','2015-02-09 02:51:17'),(19,'Marc by Marc Jacobs Women\'s MBM3242 Baker Analog Display Analog Quartz Silver Watch','B00BFNAUSI','http://www.amazon.com/dp/B00BFNAUSI',200,'{\"BrandSellerorCollectionName\":\"Marc by Marc Jacobs\",\"ModelNum\":\"MBM3242\",\"asin\":\"B00BFNAUSI\",\"imgUrls\":[\"http://ecx.images-amazon.com/images/I/417iGTBMd8L.jpg\",\"http://ecx.images-amazon.com/images/I/31C7oGeQwXL.jpg\",\"http://ecx.images-amazon.com/images/I/41xJW4BTV7L.jpg\",\"http://ecx.images-amazon.com/images/I/31MpUA8mLjL.jpg\"],\"material\":{\"Band Color\":\"Silver\",\"Band Material\":\"Stainless steel\",\"Case Material\":\"Stainless steel\",\"Dial window material type\":\"Mineral\"},\"price\":\"$175.00\",\"seller\":\"\",\"stock\":\"In Stock.\"}',2,'2015-02-09 01:57:50','2015-02-09 02:51:18'),(20,'Marc Jacobs Mini Amy Gold Watch MBM3057','B006VHMD0Q','http://www.amazon.com/dp/B006VHMD0Q',200,'{\"BrandSellerorCollectionName\":\"Marc by Marc Jacobs\",\"ModelNum\":\"MBM3057\",\"asin\":\"B006VHMD0Q\",\"imgUrls\":[\"http://ecx.images-amazon.com/images/I/41m9HFMANEL.jpg\",\"http://ecx.images-amazon.com/images/I/21St7zB2q2L.jpg\",\"http://ecx.images-amazon.com/images/I/41xJW4BTV7L.jpg\",\"http://ecx.images-amazon.com/images/I/31MpUA8mLjL.jpg\"],\"material\":{\"Band Color\":\"Gold\",\"Band Material\":\"Stainless steel\",\"Case Material\":\"Stainless steel\",\"Dial window material type\":\"Mineral\"},\"price\":\"$200.00\",\"seller\":\"\",\"stock\":\"In Stock.\"}',2,'2015-02-09 01:57:50','2015-02-09 02:51:18'),(21,'Marc by Marc Jacobs Women\'s MBM3194 Amy Analog Display Analog Quartz Two Tone Watch','B0094A4KM6','http://www.amazon.com/dp/B0094A4KM6',200,'{\"BrandSellerorCollectionName\":\"Marc by Marc Jacobs\",\"ModelNum\":\"MBM3194\",\"asin\":\"B0094A4KM6\",\"imgUrls\":[\"http://ecx.images-amazon.com/images/I/410zgnvRJWL.jpg\",\"http://ecx.images-amazon.com/images/I/31lhDmt2%2BPL.jpg\",\"http://ecx.images-amazon.com/images/I/41xJW4BTV7L.jpg\",\"http://ecx.images-amazon.com/images/I/31MpUA8mLjL.jpg\"],\"material\":{\"Band Color\":\"Two Tone\",\"Band Material\":\"Stainless steel\",\"Case Material\":\"Stainless steel\",\"Dial window material type\":\"Mineral\"},\"price\":\"$200.00\",\"seller\":\"\",\"stock\":\"In Stock.\"}',2,'2015-02-09 01:57:50','2015-02-09 02:51:18'),(22,'Marc by Marc Jacobs Women\'s MBM1154 Amy Black Dial Watch','B0049KUMXW','http://www.amazon.com/dp/B0049KUMXW',200,'{\"BrandSellerorCollectionName\":\"Marc by Marc Jacobs\",\"ModelNum\":\"MBM1154\",\"asin\":\"B0049KUMXW\",\"imgUrls\":[\"http://ecx.images-amazon.com/images/I/5140VLAGPXL.jpg\",\"http://ecx.images-amazon.com/images/I/31mP5ZPlogL.jpg\",\"http://ecx.images-amazon.com/images/I/41xJW4BTV7L.jpg\",\"http://ecx.images-amazon.com/images/I/31MpUA8mLjL.jpg\"],\"material\":{\"Band Color\":\"Black\",\"Band Material\":\"Calfskin\",\"Case Material\":\"Stainless steel\",\"Dial window material type\":\"Mineral\"},\"price\":\"$175.00\",\"seller\":\"\",\"stock\":\"In Stock.\"}',2,'2015-02-09 01:57:50','2015-02-09 02:51:18'),(23,'Marc by Marc Jacobs Women\'s MBM1283 Baker Analog Display Analog Quartz White Watch','B00BFNATES','http://www.amazon.com/dp/B00BFNATES',200,'{\"BrandSellerorCollectionName\":\"Marc by Marc Jacobs\",\"ModelNum\":\"MBM1283\",\"asin\":\"B00BFNATES\",\"imgUrls\":[\"http://ecx.images-amazon.com/images/I/41jjyrHF4GL.jpg\",\"http://ecx.images-amazon.com/images/I/21PWO1zYCbL.jpg\",\"http://ecx.images-amazon.com/images/I/41xJW4BTV7L.jpg\",\"http://ecx.images-amazon.com/images/I/31MpUA8mLjL.jpg\"],\"material\":{\"Band Color\":\"White\",\"Band Material\":\"leather calfskin\",\"Case Material\":\"Stainless steel\",\"Dial window material type\":\"Mineral\"},\"price\":\"$175.00\",\"seller\":\"\",\"stock\":\"In Stock.\"}',2,'2015-02-09 01:57:51','2015-02-09 02:51:18'),(24,'Marc by Marc Jacobs Women\'s MBM3055 Amy Small White Dial Watch','B0047BCRYK','http://www.amazon.com/dp/B0047BCRYK',200,'{\"BrandSellerorCollectionName\":\"Marc by Marc Jacobs\",\"ModelNum\":\"MBM3055\",\"asin\":\"B0047BCRYK\",\"imgUrls\":[\"http://ecx.images-amazon.com/images/I/41xAf2f66zL.jpg\",\"http://ecx.images-amazon.com/images/I/21CMrh9jkKL.jpg\",\"http://ecx.images-amazon.com/images/I/41xJW4BTV7L.jpg\",\"http://ecx.images-amazon.com/images/I/31MpUA8mLjL.jpg\"],\"material\":{\"Band Color\":\"Silver\",\"Band Material\":\"Stainless steel\",\"Case Material\":\"Stainless steel\",\"Dial window material type\":\"Mineral\"},\"price\":\"$175.00\",\"seller\":\"\",\"stock\":\"In Stock.\"}',2,'2015-02-09 01:57:51','2015-02-09 02:51:19'),(25,'Marc by Marc Jacobs Women\'s MBM3139 Amy Analog Display Analog Quartz Two Tone Watch','B006IV0FO6','http://www.amazon.com/dp/B006IV0FO6',200,'{\"BrandSellerorCollectionName\":\"Marc by Marc Jacobs\",\"ModelNum\":\"MBM3139\",\"asin\":\"B006IV0FO6\",\"imgUrls\":[\"http://ecx.images-amazon.com/images/I/41H2Evrx5RL.jpg\",\"http://ecx.images-amazon.com/images/I/31h069L1usL.jpg\",\"http://ecx.images-amazon.com/images/I/41xJW4BTV7L.jpg\",\"http://ecx.images-amazon.com/images/I/31MpUA8mLjL.jpg\"],\"material\":{\"Band Color\":\"Two Tone\",\"Band Material\":\"Stainless steel\",\"Case Material\":\"Stainless steel\",\"Dial window material type\":\"Mineral\"},\"price\":\"$200.00\",\"seller\":\"\",\"stock\":\"In Stock.\"}',2,'2015-02-09 01:57:52','2015-02-09 02:51:20'),(26,'Marc by Marc Jacobs Women\'s MBM3197 Henry Analog Display Analog Quartz Two Tone Watch','B009L65SJC','http://www.amazon.com/dp/B009L65SJC',200,'{\"BrandSellerorCollectionName\":\"Marc by Marc Jacobs\",\"ModelNum\":\"MBM3197\",\"asin\":\"B009L65SJC\",\"imgUrls\":[\"http://ecx.images-amazon.com/images/I/519Iwt8YmPL.jpg\",\"http://ecx.images-amazon.com/images/I/31rQ5S85PWL.jpg\",\"http://ecx.images-amazon.com/images/I/41vqYiPcaTL.jpg\",\"http://ecx.images-amazon.com/images/I/31MpUA8mLjL.jpg\"],\"material\":{\"Band Color\":\"Two Tone\",\"Band Material\":\"Stainless steel\",\"Case Material\":\"Stainless steel\",\"Dial window material type\":\"Mineral\"},\"price\":\"$275.00\",\"seller\":\"\",\"stock\":\"In Stock.\"}',2,'2015-02-09 01:57:52','2015-02-09 02:51:20'),(27,'Marc by Marc Jacobs Women\'s MBM3074 Henry Classic Chronograph Rose Gold Watch','B004JW1KJA','http://www.amazon.com/dp/B004JW1KJA',200,'{\"BrandSellerorCollectionName\":\"Marc by Marc Jacobs\",\"ModelNum\":\"MBM3074\",\"asin\":\"B004JW1KJA\",\"imgUrls\":[\"http://ecx.images-amazon.com/images/I/41BBLSvmmZL.jpg\",\"http://ecx.images-amazon.com/images/I/31zBVScMTmL.jpg\",\"http://ecx.images-amazon.com/images/I/41vqYiPcaTL.jpg\",\"http://ecx.images-amazon.com/images/I/31MpUA8mLjL.jpg\"],\"material\":{\"Band Color\":\"Gold\",\"Band Material\":\"Stainless steel\",\"Case Material\":\"Stainless steel\",\"Dial window material type\":\"Mineral\"},\"price\":\"$225.00\",\"seller\":\"\",\"stock\":\"In Stock.\"}',2,'2015-02-09 01:57:53','2015-02-09 02:51:20'),(28,'Marc by Marc Jacobs Women\'s MBM1265 Baker Analog Display Analog Quartz Brown Watch','B00BFNAVVO','http://www.amazon.com/dp/B00BFNAVVO',200,'{\"BrandSellerorCollectionName\":\"Marc by Marc Jacobs\",\"ModelNum\":\"MBM1265\",\"asin\":\"B00BFNAVVO\",\"imgUrls\":[\"http://ecx.images-amazon.com/images/I/41qX60TqFqL.jpg\",\"http://ecx.images-amazon.com/images/I/31ikkgaTigL.jpg\",\"http://ecx.images-amazon.com/images/I/41xJW4BTV7L.jpg\",\"http://ecx.images-amazon.com/images/I/31MpUA8mLjL.jpg\"],\"material\":{\"Band Color\":\"Brown\",\"Band Material\":\"leather calfskin\",\"Case Material\":\"Stainless steel\",\"Dial window material type\":\"Mineral\"},\"price\":\"$150.00\",\"seller\":\"\",\"stock\":\"In Stock.\"}',2,'2015-02-09 01:57:53','2015-02-09 02:51:20'),(29,'Marc by Marc Jacobs Women\'s MBM3206 Skeleton Analog Display Analog Quartz Gold Watch','B009EDYB1I','http://www.amazon.com/dp/B009EDYB1I',200,'{\"BrandSellerorCollectionName\":\"Marc by Marc Jacobs\",\"ModelNum\":\"MBM3206\",\"asin\":\"B009EDYB1I\",\"imgUrls\":[\"http://ecx.images-amazon.com/images/I/41CEBGznaXL.jpg\",\"http://ecx.images-amazon.com/images/I/31M-LMqOcyL.jpg\",\"http://ecx.images-amazon.com/images/I/41xJW4BTV7L.jpg\",\"http://ecx.images-amazon.com/images/I/31MpUA8mLjL.jpg\"],\"material\":{\"Band Color\":\"Gold\",\"Band Material\":\"Stainless steel\",\"Case Material\":\"Stainless steel\",\"Dial window material type\":\"Mineral\"},\"price\":\"$250.00\",\"seller\":\"\",\"stock\":\"In Stock.\"}',2,'2015-02-09 01:57:53','2015-02-09 02:51:21'),(30,'Marc by Marc Jacobs Women\'s MBM3205 Skeleton Analog Display Analog Quartz Silver Watch','B009EDYDN4','http://www.amazon.com/dp/B009EDYDN4',200,'{\"BrandSellerorCollectionName\":\"Marc by Marc Jacobs\",\"ModelNum\":\"MBM3205\",\"asin\":\"B009EDYDN4\",\"imgUrls\":[\"http://ecx.images-amazon.com/images/I/41mB39hIT%2BL.jpg\",\"http://ecx.images-amazon.com/images/I/31%2B6y3l6u5L.jpg\",\"http://ecx.images-amazon.com/images/I/41xJW4BTV7L.jpg\",\"http://ecx.images-amazon.com/images/I/31MpUA8mLjL.jpg\"],\"material\":{\"Band Color\":\"Silver\",\"Band Material\":\"Stainless steel\",\"Case Material\":\"Stainless steel\",\"Dial window material type\":\"Mineral\"},\"price\":\"$200.00\",\"seller\":\"\",\"stock\":\"In Stock.\"}',2,'2015-02-09 01:57:53','2015-02-09 02:51:21'),(31,'Marc by Marc Jacobs Henry Skeleton Gold Leather Watch - MBM1246','B009V0KUT6','http://www.amazon.com/dp/B009V0KUT6',200,'{\"BrandSellerorCollectionName\":\"Marc by Marc Jacobs\",\"ModelNum\":\"MBM1246\",\"asin\":\"B009V0KUT6\",\"imgUrls\":[\"http://ecx.images-amazon.com/images/I/51Esen55BVL.jpg\",\"http://ecx.images-amazon.com/images/I/31mc%2BX%2BHtKL.jpg\",\"http://ecx.images-amazon.com/images/I/41xJW4BTV7L.jpg\",\"http://ecx.images-amazon.com/images/I/31MpUA8mLjL.jpg\"],\"material\":{\"Band Color\":\"Black\",\"Band Material\":\"leather\",\"Case Material\":\"Stainless steel\",\"Dial window material type\":\"Mineral\"},\"price\":\"$200.00\",\"seller\":\"\",\"stock\":\"Only 5 left in stock.\"}',2,'2015-02-09 01:57:54','2015-02-09 02:51:22'),(32,'Marc by Marc Jacobs Women\'s MBM3243 Baker Analog Display Analog Quartz Gold Watch','B00BFNAM36','http://www.amazon.com/dp/B00BFNAM36',200,'{\"BrandSellerorCollectionName\":\"Marc by Marc Jacobs\",\"ModelNum\":\"MBM3243\",\"asin\":\"B00BFNAM36\",\"imgUrls\":[\"http://ecx.images-amazon.com/images/I/41XSOUb-OLL.jpg\",\"http://ecx.images-amazon.com/images/I/313l286Me%2BL.jpg\",\"http://ecx.images-amazon.com/images/I/41xJW4BTV7L.jpg\",\"http://ecx.images-amazon.com/images/I/31MpUA8mLjL.jpg\"],\"material\":{\"Band Color\":\"Gold\",\"Band Material\":\"Stainless steel\",\"Case Material\":\"Stainless steel\",\"Dial window material type\":\"Mineral\"},\"price\":\"$225.00\",\"seller\":\"\",\"stock\":\"In Stock.\"}',2,'2015-02-09 01:57:54','2015-02-09 02:51:22'),(33,'Marc by Marc Jacobs Women\'s MBM3101 Blade Analog Display Analog Quartz Gold Watch','B00597D2H2','http://www.amazon.com/dp/B00597D2H2',200,'{\"BrandSellerorCollectionName\":\"Marc by Marc Jacobs\",\"ModelNum\":\"MBM3101\",\"asin\":\"B00597D2H2\",\"imgUrls\":[\"http://ecx.images-amazon.com/images/I/51Aioj2Wg%2BL.jpg\",\"http://ecx.images-amazon.com/images/I/31oHFIqYK5L.jpg\",\"http://ecx.images-amazon.com/images/I/41xJW4BTV7L.jpg\",\"http://ecx.images-amazon.com/images/I/31MpUA8mLjL.jpg\"],\"material\":{\"Band Color\":\"Gold\",\"Band Material\":\"Stainless steel\",\"Case Material\":\"Stainless steel\",\"Dial window material type\":\"Mineral\"},\"price\":\"$275.00\",\"seller\":\"\",\"stock\":\"In Stock.\"}',2,'2015-02-09 01:57:54','2015-02-09 02:51:21'),(34,'Marc by March Jacobs Baker Gold Tone Grey Dial Watch','B00I3VHO0C','http://www.amazon.com/dp/B00I3VHO0C',200,'{\"BrandSellerorCollectionName\":\"Marc by Marc Jacobs\",\"ModelNum\":\"MBM3281\",\"asin\":\"B00I3VHO0C\",\"imgUrls\":[\"http://ecx.images-amazon.com/images/I/41tMVSYQcpL.jpg\",\"http://ecx.images-amazon.com/images/I/319mQEgcgXL.jpg\",\"http://ecx.images-amazon.com/images/I/41xJW4BTV7L.jpg\",\"http://ecx.images-amazon.com/images/I/31MpUA8mLjL.jpg\"],\"material\":{\"Band Color\":\"Gold\",\"Band Material\":\"Stainless steel\",\"Case Material\":\"Stainless steel\",\"Dial window material type\":\"Mineral\"},\"price\":\"$225.00\",\"seller\":\"\",\"stock\":\"In Stock.\"}',2,'2015-02-09 01:57:54','2015-02-09 02:51:21'),(35,'Marc by Marc Jacobs Women\'s MBM3255 Skeleton Analog Display Analog Quartz Black Watch','B00BFNAVPK','http://www.amazon.com/dp/B00BFNAVPK',200,'{\"BrandSellerorCollectionName\":\"Marc by Marc Jacobs\",\"ModelNum\":\"MBM3255\",\"asin\":\"B00BFNAVPK\",\"imgUrls\":[\"http://ecx.images-amazon.com/images/I/417leKZXzBL.jpg\",\"http://ecx.images-amazon.com/images/I/31fxlEDakyL.jpg\",\"http://ecx.images-amazon.com/images/I/31MpUA8mLjL.jpg\"],\"material\":{\"Band Color\":\"Black\",\"Band Material\":\"Stainless steel\",\"Case Material\":\"Stainless steel\",\"Dial window material type\":\"Mineral\"},\"price\":\"$250.00\",\"seller\":\"\",\"stock\":\"In Stock.\"}',2,'2015-02-09 01:57:55','2015-02-09 02:51:23'),(36,'Marc by Marc Jacobs Women\'s MBM3330 Baker Analog Display Analog Quartz Rose Gold Watch','B00IN0XCH2','http://www.amazon.com/dp/B00IN0XCH2',200,'{\"BrandSellerorCollectionName\":\"Marc by Marc Jacobs\",\"ModelNum\":\"MBM3330\",\"asin\":\"B00IN0XCH2\",\"imgUrls\":[\"http://ecx.images-amazon.com/images/I/412EMcQ32nL.jpg\",\"http://ecx.images-amazon.com/images/I/31ya6-xpMzL.jpg\",\"http://ecx.images-amazon.com/images/I/41xJW4BTV7L.jpg\",\"http://ecx.images-amazon.com/images/I/31MpUA8mLjL.jpg\"],\"material\":{\"Band Color\":\"rose gold\",\"Band Material\":\"Stainless steel\",\"Case Material\":\"Stainless steel\",\"Dial window material type\":\"Mineral\"},\"price\":\"$225.00\",\"seller\":\"\",\"stock\":\"In Stock.\"}',2,'2015-02-09 01:57:56','2015-02-09 02:51:23'),(37,'Marc by Marc Jacobs Women\'s MBM3207 Skeleton Analog Display Analog Quartz Rose Gold Watch','B009EDYBRW','http://www.amazon.com/dp/B009EDYBRW',200,'{\"BrandSellerorCollectionName\":\"Marc by Marc Jacobs\",\"ModelNum\":\"MBM3207\",\"asin\":\"B009EDYBRW\",\"imgUrls\":[\"http://ecx.images-amazon.com/images/I/51KUj8LHFbL.jpg\",\"http://ecx.images-amazon.com/images/I/31jnWO3Q5kL.jpg\",\"http://ecx.images-amazon.com/images/I/41xJW4BTV7L.jpg\",\"http://ecx.images-amazon.com/images/I/31MpUA8mLjL.jpg\"],\"material\":{\"Band Color\":\"rose gold\",\"Band Material\":\"Stainless steel\",\"Case Material\":\"Stainless steel\",\"Dial window material type\":\"Mineral\"},\"price\":\"$250.00\",\"seller\":\"\",\"stock\":\"In Stock.\"}',2,'2015-02-09 01:57:56','2015-02-09 02:51:23'),(38,'Marc by Marc Jacobs Women\'s MBM1340 Skeleton Analog Display Analog Quartz Black Watch','B00KCCWDTM','http://www.amazon.com/dp/B00KCCWDTM',200,'{\"BrandSellerorCollectionName\":\"Marc by Marc Jacobs\",\"ModelNum\":\"MBM1340\",\"asin\":\"B00KCCWDTM\",\"imgUrls\":[\"http://ecx.images-amazon.com/images/I/41526X7V2YL.jpg\",\"http://ecx.images-amazon.com/images/I/3195X5AeLxL.jpg\",\"http://ecx.images-amazon.com/images/I/31MpUA8mLjL.jpg\"],\"material\":{\"Band Color\":\"Black\",\"Band Material\":\"leather calfskin\",\"Case Material\":\"Stainless steel\",\"Dial window material type\":\"Mineral\"},\"price\":\"$200.00\",\"seller\":\"\",\"stock\":\"Only 5 left in stock.\"}',2,'2015-02-09 01:57:56','2015-02-09 02:51:23'),(39,'Marc by Marc Jacobs Women\'s MBM3312 Baker Analog Display Analog Quartz Two Tone Watch','B00HGDLSLO','http://www.amazon.com/dp/B00HGDLSLO',200,'{\"BrandSellerorCollectionName\":\"Marc by Marc Jacobs\",\"ModelNum\":\"MBM3312\",\"asin\":\"B00HGDLSLO\",\"imgUrls\":[\"http://ecx.images-amazon.com/images/I/416Ue6ZnpnL.jpg\",\"http://ecx.images-amazon.com/images/I/311RhHYLN%2BL.jpg\",\"http://ecx.images-amazon.com/images/I/41xJW4BTV7L.jpg\",\"http://ecx.images-amazon.com/images/I/31MpUA8mLjL.jpg\"],\"material\":{\"Band Color\":\"Two Tone\",\"Band Material\":\"Stainless steel\",\"Case Material\":\"Stainless steel\",\"Dial window material type\":\"Mineral\"},\"price\":\"$225.00\",\"seller\":\"\",\"stock\":\"In Stock.\"}',2,'2015-02-09 01:57:56','2015-02-09 02:51:24'),(40,'Marc by Marc Jacobs Women\'s MBM3329 Baker Analog Display Analog Quartz Silver Watch','B00IN0XHQS','http://www.amazon.com/dp/B00IN0XHQS',200,'{\"BrandSellerorCollectionName\":\"Marc by Marc Jacobs\",\"ModelNum\":\"MBM3329\",\"asin\":\"B00IN0XHQS\",\"imgUrls\":[\"http://ecx.images-amazon.com/images/I/41EFU4RRgwL.jpg\",\"http://ecx.images-amazon.com/images/I/31BTAFXzGfL.jpg\",\"http://ecx.images-amazon.com/images/I/41xJW4BTV7L.jpg\",\"http://ecx.images-amazon.com/images/I/31MpUA8mLjL.jpg\"],\"material\":{\"Band Color\":\"Silver\",\"Band Material\":\"Stainless steel\",\"Case Material\":\"Stainless steel\",\"Dial window material type\":\"Mineral\"},\"price\":\"$175.00\",\"seller\":\"\",\"stock\":\"In Stock.\"}',2,'2015-02-09 01:57:57','2015-02-09 02:51:25'),(41,'Marc by Marc Jacobs Women\'s MBM1245 Skeleton Analog Display Analog Quartz Beige Watch','B009EDYBZE','http://www.amazon.com/dp/B009EDYBZE',200,'{\"BrandSellerorCollectionName\":\"Marc by Marc Jacobs\",\"ModelNum\":\"MBM1245\",\"asin\":\"B009EDYBZE\",\"imgUrls\":[\"http://ecx.images-amazon.com/images/I/41fl1VxaUbL.jpg\",\"http://ecx.images-amazon.com/images/I/31l7pPmVNBL.jpg\",\"http://ecx.images-amazon.com/images/I/41xJW4BTV7L.jpg\",\"http://ecx.images-amazon.com/images/I/31MpUA8mLjL.jpg\"],\"material\":{\"Band Color\":\"Beige\",\"Band Material\":\"leather calfskin\",\"Case Material\":\"Stainless steel\",\"Dial window material type\":\"Mineral\"},\"price\":\"$200.00\",\"seller\":\"\",\"stock\":\"Only 5 left in stock.\"}',2,'2015-02-09 01:57:57','2015-02-09 02:51:25'),(42,'Marc by Marc Jacobs Women\'s MBM8574 Amy Analog Display Analog Quartz Brown Watch','B00BXIFEDG','http://www.amazon.com/dp/B00BXIFEDG',200,'{\"BrandSellerorCollectionName\":\"Marc by Marc Jacobs\",\"ModelNum\":\"MBM8574\",\"asin\":\"B00BXIFEDG\",\"imgUrls\":[\"http://ecx.images-amazon.com/images/I/41EJq3m2bpL.jpg\",\"http://ecx.images-amazon.com/images/I/21BbVY-zCOL.jpg\",\"http://ecx.images-amazon.com/images/I/41xJW4BTV7L.jpg\",\"http://ecx.images-amazon.com/images/I/31MpUA8mLjL.jpg\"],\"material\":{\"Band Color\":\"Brown\",\"Band Material\":\"leather calfskin\",\"Case Material\":\"Stainless steel\",\"Dial window material type\":\"Mineral\"},\"price\":\"$175.00\",\"seller\":\"\",\"stock\":\"In Stock.\"}',2,'2015-02-09 01:57:57','2015-02-09 02:51:24'),(43,'Marc by Marc Jacobs Men\'s MBM5045 Jimmy Analog Display Analog Quartz Brown Watch','B00IH5ADPC','http://www.amazon.com/dp/B00IH5ADPC',200,'{\"BrandSellerorCollectionName\":\"Marc by Marc Jacobs\",\"ModelNum\":\"MBM5045\",\"asin\":\"B00IH5ADPC\",\"imgUrls\":[\"http://ecx.images-amazon.com/images/I/51PH8ZEK3gL.jpg\",\"http://ecx.images-amazon.com/images/I/31X8QHse%2BdL.jpg\",\"http://ecx.images-amazon.com/images/I/41xJW4BTV7L.jpg\",\"http://ecx.images-amazon.com/images/I/31MpUA8mLjL.jpg\"],\"material\":{\"Band Color\":\"Brown\",\"Band Material\":\"leather calfskin\",\"Case Material\":\"Stainless steel\",\"Dial window material type\":\"Mineral\"},\"price\":\"$175.00\",\"seller\":\"\",\"stock\":\"Only 5 left in stock.\"}',2,'2015-02-09 01:57:57','2015-02-09 02:51:25'),(44,'Marc by Marc Jacobs Women\'s MBM3315 The slim Analog Display Analog Quartz Gold Watch','B00IN0SXEE','http://www.amazon.com/dp/B00IN0SXEE',200,'{\"BrandSellerorCollectionName\":\"Marc by Marc Jacobs\",\"ModelNum\":\"MBM3315\",\"asin\":\"B00IN0SXEE\",\"imgUrls\":[\"http://ecx.images-amazon.com/images/I/51WJ2lSuSsL.jpg\",\"http://ecx.images-amazon.com/images/I/31XtIBwv0bL.jpg\",\"http://ecx.images-amazon.com/images/I/41xJW4BTV7L.jpg\",\"http://ecx.images-amazon.com/images/I/31MpUA8mLjL.jpg\"],\"material\":{\"Band Color\":\"Gold\",\"Band Material\":\"Stainless steel\",\"Case Material\":\"Stainless steel\",\"Dial window material type\":\"Mineral\"},\"price\":\"$250.00\",\"seller\":\"\",\"stock\":\"In Stock.\"}',2,'2015-02-09 01:57:58','2015-02-09 02:51:25'),(45,'Marc by Marc Jacobs Women\'s MBM3352 The slim Analog Display Analog Quartz Rose Gold Watch','B00NB6I8P4','http://www.amazon.com/dp/B00NB6I8P4',200,'{\"BrandSellerorCollectionName\":\"Marc by Marc Jacobs\",\"ModelNum\":\"MBM3352\",\"asin\":\"B00NB6I8P4\",\"imgUrls\":[\"http://ecx.images-amazon.com/images/I/41a1Sfpp%2B-L.jpg\",\"http://ecx.images-amazon.com/images/I/31GwVoJHNLL.jpg\",\"http://ecx.images-amazon.com/images/I/41xJW4BTV7L.jpg\",\"http://ecx.images-amazon.com/images/I/31MpUA8mLjL.jpg\"],\"material\":{\"Band Color\":\"rose gold\",\"Band Material\":\"Stainless steel\",\"Case Material\":\"Stainless steel\",\"Dial window material type\":\"Mineral\"},\"price\":\"$250.00\",\"seller\":\"\",\"stock\":\"In Stock.\"}',2,'2015-02-09 01:57:58','2015-02-09 02:51:26'),(46,'Marc by Marc Jacobs Women\'s MBM3349 The slim Analog Display Analog Quartz Gold Watch','B00KCCWBD0','http://www.amazon.com/dp/B00KCCWBD0',200,'{\"BrandSellerorCollectionName\":\"Marc by Marc Jacobs\",\"ModelNum\":\"MBM3349\",\"asin\":\"B00KCCWBD0\",\"imgUrls\":[\"http://ecx.images-amazon.com/images/I/51FUL8y4MOL.jpg\",\"http://ecx.images-amazon.com/images/I/31u2-zTlE8L.jpg\",\"http://ecx.images-amazon.com/images/I/41xJW4BTV7L.jpg\",\"http://ecx.images-amazon.com/images/I/31MpUA8mLjL.jpg\"],\"material\":{\"Band Color\":\"Gold\",\"Band Material\":\"Stainless steel\",\"Case Material\":\"Stainless steel\",\"Dial window material type\":\"Mineral\"},\"price\":\"$250.00\",\"seller\":\"\",\"stock\":\"In Stock.\"}',2,'2015-02-09 01:57:59','2015-02-09 02:51:26'),(47,'Marc by Marc Jacobs Women\'s MBM3353 The slim Analog Display Analog Quartz Two Tone Watch','B00KCCW77U','http://www.amazon.com/dp/B00KCCW77U',200,'{\"BrandSellerorCollectionName\":\"Marc by Marc Jacobs\",\"ModelNum\":\"MBM3353\",\"asin\":\"B00KCCW77U\",\"imgUrls\":[\"http://ecx.images-amazon.com/images/I/41zlYjrnDyL.jpg\",\"http://ecx.images-amazon.com/images/I/21asm2domsL.jpg\",\"http://ecx.images-amazon.com/images/I/41xJW4BTV7L.jpg\",\"http://ecx.images-amazon.com/images/I/31MpUA8mLjL.jpg\"],\"material\":{\"Band Color\":\"Two Tone\",\"Band Material\":\"Stainless steel\",\"Case Material\":\"Stainless steel\",\"Dial window material type\":\"Mineral\"},\"price\":\"$250.00\",\"seller\":\"\",\"stock\":\"In Stock.\"}',2,'2015-02-09 01:57:59','2015-02-09 02:51:26'),(48,'Marc by Marc Jacobs Women\'s MBM3364 Sally Analog Display Analog Quartz Rose Gold Watch','B00OL9EZ8O','http://www.amazon.com/dp/B00OL9EZ8O',200,'{\"BrandSellerorCollectionName\":\"Marc by Marc Jacobs\",\"ModelNum\":\"MBM3364\",\"asin\":\"B00OL9EZ8O\",\"imgUrls\":[\"http://ecx.images-amazon.com/images/I/41liq6wElSL.jpg\",\"http://ecx.images-amazon.com/images/I/21GpWgGr56L.jpg\",\"http://ecx.images-amazon.com/images/I/41xJW4BTV7L.jpg\",\"http://ecx.images-amazon.com/images/I/31MpUA8mLjL.jpg\"],\"material\":{\"Band Color\":\"rose gold\",\"Band Material\":\"Stainless steel\",\"Case Material\":\"Stainless steel\",\"Dial window material type\":\"Mineral\"},\"price\":\"$225.00\",\"seller\":\"\",\"stock\":\"In Stock.\"}',2,'2015-02-09 01:57:59','2015-02-09 02:51:26'),(49,'Marc by Marc Jacobs Women\'s MBM3291 Skeleton Analog Display Analog Quartz Silver Watch','B00I3V9NEM','http://www.amazon.com/dp/B00I3V9NEM',200,'{\"BrandSellerorCollectionName\":\"Marc by Marc Jacobs\",\"ModelNum\":\"MBM3291\",\"asin\":\"B00I3V9NEM\",\"imgUrls\":[\"http://ecx.images-amazon.com/images/I/41JpGPz7LmL.jpg\",\"http://ecx.images-amazon.com/images/I/31huKlPMmcL.jpg\",\"http://ecx.images-amazon.com/images/I/41vqYiPcaTL.jpg\",\"http://ecx.images-amazon.com/images/I/31MpUA8mLjL.jpg\"],\"material\":{\"Band Color\":\"Silver\",\"Band Material\":\"Stainless steel\",\"Case Material\":\"Stainless steel\",\"Dial window material type\":\"Mineral\"},\"price\":\"$200.00\",\"seller\":\"\",\"stock\":\"In Stock.\"}',2,'2015-02-09 01:57:59','2015-02-09 02:51:27'),(50,'Marc by Marc Jacobs Women\'s MBM3105 Henry Analog Display Analog Quartz Gold Watch','B005973V50','http://www.amazon.com/dp/B005973V50',200,'{\"BrandSellerorCollectionName\":\"Marc by Marc Jacobs\",\"ModelNum\":\"MBM3105\",\"asin\":\"B005973V50\",\"imgUrls\":[\"http://ecx.images-amazon.com/images/I/51HLit7fc7L.jpg\",\"http://ecx.images-amazon.com/images/I/31F9tp1jUtL.jpg\",\"http://ecx.images-amazon.com/images/I/41L3UpYHLxL.jpg\",\"http://ecx.images-amazon.com/images/I/31MpUA8mLjL.jpg\"],\"material\":{\"Band Color\":\"Gold\",\"Band Material\":\"Stainless steel\",\"Case Material\":\"Stainless steel\",\"Dial window material type\":\"Mineral\"},\"price\":\"$275.00\",\"seller\":\"\",\"stock\":\"In Stock.\"}',2,'2015-02-09 01:58:00','2015-02-09 02:51:27'),(51,'Marc by Marc Jacobs Women\'s MBM3363 Sally Analog Display Analog Quartz Gold Watch','B00OL9FP74','http://www.amazon.com/dp/B00OL9FP74',200,'{\"BrandSellerorCollectionName\":\"Marc by Marc Jacobs\",\"ModelNum\":\"MBM3363\",\"asin\":\"B00OL9FP74\",\"imgUrls\":[\"http://ecx.images-amazon.com/images/I/41tcmsUnSBL.jpg\",\"http://ecx.images-amazon.com/images/I/21PbTm6sGgL.jpg\",\"http://ecx.images-amazon.com/images/I/41xJW4BTV7L.jpg\",\"http://ecx.images-amazon.com/images/I/31MpUA8mLjL.jpg\"],\"material\":{\"Band Color\":\"Gold\",\"Band Material\":\"Stainless steel\",\"Case Material\":\"Stainless steel\",\"Dial window material type\":\"Mineral\"},\"price\":\"$225.00\",\"seller\":\"\",\"stock\":\"In Stock.\"}',2,'2015-02-09 01:58:00','2015-02-09 02:51:27'),(52,'Marc by Marc Jacobs Women\'s MBM3365 Sally Analog Display Analog Quartz Silver Watch','B00OL9GYHE','http://www.amazon.com/dp/B00OL9GYHE',200,'{\"BrandSellerorCollectionName\":\"Marc by Marc Jacobs\",\"ModelNum\":\"MBM3365\",\"asin\":\"B00OL9GYHE\",\"imgUrls\":[\"http://ecx.images-amazon.com/images/I/41CkuCNZNuL.jpg\",\"http://ecx.images-amazon.com/images/I/21ehr-Qv6LL.jpg\",\"http://ecx.images-amazon.com/images/I/41xJW4BTV7L.jpg\",\"http://ecx.images-amazon.com/images/I/31MpUA8mLjL.jpg\"],\"material\":{\"Band Color\":\"Silver\",\"Band Material\":\"Stainless steel\",\"Case Material\":\"Stainless steel\",\"Dial window material type\":\"Mineral\"},\"price\":\"$175.00\",\"seller\":\"\",\"stock\":\"In Stock.\"}',2,'2015-02-09 01:58:00','2015-02-09 02:51:28'),(53,'Marc by Marc Jacobs Women\'s MBM3070 Henry Analog Display Analog Quartz Two Tone Watch','B004EHKXSO','http://www.amazon.com/dp/B004EHKXSO',200,'{\"BrandSellerorCollectionName\":\"Marc by Marc Jacobs\",\"ModelNum\":\"MBM3070\",\"asin\":\"B004EHKXSO\",\"imgUrls\":[\"http://ecx.images-amazon.com/images/I/414AHm12DYL.jpg\",\"http://ecx.images-amazon.com/images/I/31qFAN6sCHL.jpg\",\"http://ecx.images-amazon.com/images/I/41vqYiPcaTL.jpg\",\"http://ecx.images-amazon.com/images/I/31MpUA8mLjL.jpg\"],\"material\":{\"Band Color\":\"Two Tone\",\"Band Material\":\"Stainless steel\",\"Case Material\":\"Stainless steel\",\"Dial window material type\":\"Mineral\"},\"price\":\"$225.00\",\"seller\":\"\",\"stock\":\"In Stock.\"}',2,'2015-02-09 01:58:00','2015-02-09 02:51:28'),(54,'Marc by Marc Jacobs Women\'s MBM3351 The slim Analog Display Analog Quartz Silver Watch','B00NB6JKSS','http://www.amazon.com/dp/B00NB6JKSS',200,'{\"BrandSellerorCollectionName\":\"Marc by Marc Jacobs\",\"ModelNum\":\"MBM3351\",\"asin\":\"B00NB6JKSS\",\"imgUrls\":[\"http://ecx.images-amazon.com/images/I/41Mcwl2pQuL.jpg\",\"http://ecx.images-amazon.com/images/I/215W%2Bw8hhhL.jpg\",\"http://ecx.images-amazon.com/images/I/41xJW4BTV7L.jpg\",\"http://ecx.images-amazon.com/images/I/31MpUA8mLjL.jpg\"],\"material\":{\"Band Color\":\"Silver\",\"Band Material\":\"Stainless steel\",\"Case Material\":\"Stainless steel\",\"Dial window material type\":\"Mineral\"},\"price\":\"$200.00\",\"seller\":\"\",\"stock\":\"In Stock.\"}',2,'2015-02-09 01:58:01','2015-02-09 02:51:29'),(55,'Marc by Marc Jacobs Women\'s MBM3319 The slim Analog Display Analog Quartz Two Tone Watch','B00IN0SUDS','http://www.amazon.com/dp/B00IN0SUDS',200,'{\"BrandSellerorCollectionName\":\"Marc by Marc Jacobs\",\"ModelNum\":\"MBM3319\",\"asin\":\"B00IN0SUDS\",\"imgUrls\":[\"http://ecx.images-amazon.com/images/I/41%2BjwGTDJBL.jpg\",\"http://ecx.images-amazon.com/images/I/31E2DsOixoL.jpg\",\"http://ecx.images-amazon.com/images/I/41xJW4BTV7L.jpg\",\"http://ecx.images-amazon.com/images/I/31MpUA8mLjL.jpg\"],\"material\":{\"Band Color\":\"Two Tone\",\"Band Material\":\"Stainless steel\",\"Case Material\":\"Stainless steel\",\"Dial window material type\":\"Mineral\"},\"price\":\"$250.00\",\"seller\":\"\",\"stock\":\"In Stock.\"}',2,'2015-02-09 01:58:01','2015-02-09 02:51:29'),(56,'Marc by Marc Jacobs Women\'s MBM3316 The slim Analog Display Analog Quartz Rose Gold Watch','B00IN0SVGO','http://www.amazon.com/dp/B00IN0SVGO',200,'{\"BrandSellerorCollectionName\":\"Marc by Marc Jacobs\",\"ModelNum\":\"MBM3316\",\"asin\":\"B00IN0SVGO\",\"imgUrls\":[\"http://ecx.images-amazon.com/images/I/51aaJTDsNkL.jpg\",\"http://ecx.images-amazon.com/images/I/31lYepJfa3L.jpg\",\"http://ecx.images-amazon.com/images/I/41QU6MaeQIL.jpg\",\"http://ecx.images-amazon.com/images/I/31MpUA8mLjL.jpg\"],\"material\":{\"Band Color\":\"rose gold\",\"Band Material\":\"Stainless steel\",\"Case Material\":\"Stainless steel\",\"Dial window material type\":\"Mineral\"},\"price\":\"$250.00\",\"seller\":\"\",\"stock\":\"Only 1 left in stock.\"}',2,'2015-02-09 01:58:01','2015-02-09 02:51:29'),(57,'Marc by Marc Jacobs Women\'s MBM3366 Sally Analog Display Analog Quartz Gold Watch','B00OL9HQAI','http://www.amazon.com/dp/B00OL9HQAI',200,'{\"BrandSellerorCollectionName\":\"Marc by Marc Jacobs\",\"ModelNum\":\"MBM3366\",\"asin\":\"B00OL9HQAI\",\"imgUrls\":[\"http://ecx.images-amazon.com/images/I/41VUMxh8F1L.jpg\",\"http://ecx.images-amazon.com/images/I/31wJq9CQ1yL.jpg\",\"http://ecx.images-amazon.com/images/I/41xJW4BTV7L.jpg\",\"http://ecx.images-amazon.com/images/I/31MpUA8mLjL.jpg\"],\"material\":{\"Band Color\":\"Gold\",\"Band Material\":\"Stainless steel\",\"Case Material\":\"Stainless steel\",\"Dial window material type\":\"Mineral\"},\"price\":\"$225.00\",\"seller\":\"\",\"stock\":\"In Stock.\"}',2,'2015-02-09 01:58:01','2015-02-09 02:51:29'),(58,'Marc by Marc Jacobs Women\'s MBM3298 Henry Analog Display Analog Quartz Gold Watch','B00EP2RMDM','http://www.amazon.com/dp/B00EP2RMDM',200,'{\"BrandSellerorCollectionName\":\"Marc by Marc Jacobs\",\"ModelNum\":\"MBM3298\",\"asin\":\"B00EP2RMDM\",\"imgUrls\":[\"http://ecx.images-amazon.com/images/I/51vY%2BChnNdL.jpg\",\"http://ecx.images-amazon.com/images/I/31rDei%2B6lPL.jpg\",\"http://ecx.images-amazon.com/images/I/41vqYiPcaTL.jpg\",\"http://ecx.images-amazon.com/images/I/31MpUA8mLjL.jpg\"],\"material\":{\"Band Color\":\"Gold\",\"Band Material\":\"Stainless steel\",\"Case Material\":\"Stainless steel\",\"Dial window material type\":\"Mineral\"},\"price\":\"$275.00\",\"seller\":\"\",\"stock\":\"In Stock.\"}',2,'2015-02-09 01:58:02','2015-02-09 02:51:29'),(59,'Marc by Marc Jacobs Women\'s MBM3362 Sally Analog Display Analog Quartz Silver Watch','B00OL9EOJY','http://www.amazon.com/dp/B00OL9EOJY',200,'{\"BrandSellerorCollectionName\":\"Marc by Marc Jacobs\",\"ModelNum\":\"MBM3362\",\"asin\":\"B00OL9EOJY\",\"imgUrls\":[\"http://ecx.images-amazon.com/images/I/41aXU7DTwRL.jpg\",\"http://ecx.images-amazon.com/images/I/21S5M9XO3WL.jpg\",\"http://ecx.images-amazon.com/images/I/41xJW4BTV7L.jpg\",\"http://ecx.images-amazon.com/images/I/31MpUA8mLjL.jpg\"],\"material\":{\"Band Color\":\"Silver\",\"Band Material\":\"Stainless steel\",\"Case Material\":\"Stainless steel\",\"Dial window material type\":\"Mineral\"},\"price\":\"$175.00\",\"seller\":\"\",\"stock\":\"In Stock.\"}',2,'2015-02-09 01:58:03','2015-02-09 02:51:30'),(60,'Marc by Marc Jacobs Women\'s MBM3350 The slim Analog Display Analog Quartz Rose Gold Watch','B00KCCW5ZE','http://www.amazon.com/dp/B00KCCW5ZE',200,'{\"BrandSellerorCollectionName\":\"Marc by Marc Jacobs\",\"ModelNum\":\"MBM3350\",\"asin\":\"B00KCCW5ZE\",\"imgUrls\":[\"http://ecx.images-amazon.com/images/I/51mNWyU1emL.jpg\",\"http://ecx.images-amazon.com/images/I/31L3Sj833xL.jpg\",\"http://ecx.images-amazon.com/images/I/41xJW4BTV7L.jpg\",\"http://ecx.images-amazon.com/images/I/31MpUA8mLjL.jpg\"],\"material\":{\"Band Color\":\"rose gold\",\"Band Material\":\"Stainless steel\",\"Case Material\":\"Stainless steel\",\"Dial window material type\":\"Mineral\"},\"price\":\"$250.00\",\"seller\":\"\",\"stock\":\"In Stock.\"}',2,'2015-02-09 01:58:03','2015-02-09 02:51:30'),(61,'Marc by Marc Jacobs Women\'s MBM3338 Skeleton Analog Display Analog Quartz Gold Watch','B00KCCW09A','http://www.amazon.com/dp/B00KCCW09A',200,'{\"BrandSellerorCollectionName\":\"Marc by Marc Jacobs\",\"ModelNum\":\"MBM3338\",\"asin\":\"B00KCCW09A\",\"imgUrls\":[\"http://ecx.images-amazon.com/images/I/51u0Dl7aB%2BL.jpg\",\"http://ecx.images-amazon.com/images/I/3158M-qaT8L.jpg\",\"http://ecx.images-amazon.com/images/I/41xJW4BTV7L.jpg\",\"http://ecx.images-amazon.com/images/I/31MpUA8mLjL.jpg\"],\"material\":{\"Band Color\":\"Gold\",\"Band Material\":\"Stainless steel\",\"Case Material\":\"Stainless steel\",\"Dial window material type\":\"Mineral\"},\"price\":\"$300.00\",\"seller\":\"\",\"stock\":\"In Stock.\"}',2,'2015-02-09 01:58:03','2015-02-09 02:51:30'),(62,'Marc by Marc Jacobs Women\'s MBM3339 Skeleton Analog Display Analog Quartz Rose Gold Watch','B00KCCW4IM','http://www.amazon.com/dp/B00KCCW4IM',200,'{\"BrandSellerorCollectionName\":\"Marc by Marc Jacobs\",\"ModelNum\":\"MBM3339\",\"asin\":\"B00KCCW4IM\",\"imgUrls\":[\"http://ecx.images-amazon.com/images/I/51YEh5XX3dL.jpg\",\"http://ecx.images-amazon.com/images/I/31jGvhca0TL.jpg\",\"http://ecx.images-amazon.com/images/I/41xJW4BTV7L.jpg\",\"http://ecx.images-amazon.com/images/I/31MpUA8mLjL.jpg\"],\"material\":{\"Band Color\":\"rose gold\",\"Band Material\":\"Stainless steel\",\"Case Material\":\"Stainless steel\",\"Dial window material type\":\"Mineral\"},\"price\":\"$300.00\",\"seller\":\"\",\"stock\":\"In Stock.\"}',2,'2015-02-09 01:58:03','2015-02-09 02:51:35'),(63,'Marc by Marc Jacobs Women\'s MBM3337 Skeleton Analog Display Analog Quartz Silver Watch','B00KCCVZA0','http://www.amazon.com/dp/B00KCCVZA0',200,'{\"BrandSellerorCollectionName\":\"Marc by Marc Jacobs\",\"ModelNum\":\"MBM3337\",\"asin\":\"B00KCCVZA0\",\"imgUrls\":[\"http://ecx.images-amazon.com/images/I/41PH9cGpwZL.jpg\",\"http://ecx.images-amazon.com/images/I/21pXjjeay3L.jpg\",\"http://ecx.images-amazon.com/images/I/41xJW4BTV7L.jpg\",\"http://ecx.images-amazon.com/images/I/31MpUA8mLjL.jpg\"],\"material\":{\"Band Color\":\"Silver\",\"Band Material\":\"Stainless steel\",\"Case Material\":\"Stainless steel\",\"Dial window material type\":\"Mineral\"},\"price\":\"$250.00\",\"seller\":\"\",\"stock\":\"In Stock.\"}',2,'2015-02-09 01:58:04','2015-02-09 02:51:35'),(64,'Marc by Marc Jacobs Women\'s MBM3292 Skeleton Analog Display Analog Quartz Gold Watch','B00I3VAN2I','http://www.amazon.com/dp/B00I3VAN2I',200,'{\"BrandSellerorCollectionName\":\"Marc by Marc Jacobs\",\"ModelNum\":\"MBM3292\",\"asin\":\"B00I3VAN2I\",\"imgUrls\":[\"http://ecx.images-amazon.com/images/I/410hUNHb9FL.jpg\",\"http://ecx.images-amazon.com/images/I/31MB7lu-zAL.jpg\",\"http://ecx.images-amazon.com/images/I/41xJW4BTV7L.jpg\",\"http://ecx.images-amazon.com/images/I/31MpUA8mLjL.jpg\"],\"material\":{\"Band Color\":\"Gold\",\"Band Material\":\"Stainless steel\",\"Case Material\":\"Stainless steel\",\"Dial window material type\":\"Mineral\"},\"price\":\"$250.00\",\"seller\":\"\",\"stock\":\"In Stock.\"}',2,'2015-02-09 01:58:04','2015-02-09 02:51:35'),(65,'Marc by Marc Jacobs Women\'s MBM3348 The slim Analog Display Analog Quartz Silver Watch','B00KCCW6OE','http://www.amazon.com/dp/B00KCCW6OE',200,'{\"BrandSellerorCollectionName\":\"Marc by Marc Jacobs\",\"ModelNum\":\"MBM3348\",\"asin\":\"B00KCCW6OE\",\"imgUrls\":[\"http://ecx.images-amazon.com/images/I/41tCJLLdqvL.jpg\",\"http://ecx.images-amazon.com/images/I/314reUziR2L.jpg\",\"http://ecx.images-amazon.com/images/I/41xJW4BTV7L.jpg\",\"http://ecx.images-amazon.com/images/I/31MpUA8mLjL.jpg\"],\"material\":{\"Band Color\":\"Silver\",\"Band Material\":\"Stainless steel\",\"Case Material\":\"Stainless steel\",\"Dial window material type\":\"Mineral\"},\"price\":\"$200.00\",\"seller\":\"\",\"stock\":\"In Stock.\"}',2,'2015-02-09 01:58:04','2015-02-09 02:51:35'),(66,'Marc by Marc Jacobs MBM2573 Rock Chrono 46MM','B006IUZVDW','http://www.amazon.com/dp/B006IUZVDW',200,'{\"BrandSellerorCollectionName\":\"Marc by Marc Jacobs\",\"ModelNum\":\"MBM2573\",\"asin\":\"B006IUZVDW\",\"imgUrls\":[\"http://ecx.images-amazon.com/images/I/51-aJo3eD7L.jpg\",\"http://ecx.images-amazon.com/images/I/41feiE3oKwL.jpg\",\"http://ecx.images-amazon.com/images/I/41CFB6tBwJL.jpg\"],\"material\":{\"Band Color\":\"White\",\"Band Material\":\"Stainless Steel\",\"Case Material\":\"Black Plated SS\",\"Dial window material type\":\"Mineral\"},\"price\":\"\",\"seller\":\"\",\"stock\":\"Available from <a href=\'/gp/offer-listing/B006IUZVDW/ref=dp_olp_0?ie=UTF8&amp;condition=all\'>these sellers</a>.\"}',2,'2015-02-09 01:58:04','2015-02-09 02:51:35'),(67,'Marc Jacobs Women\'s Henry Gold-Tone Stainless Steel Gold tone Dial','B00JIN6ANQ','http://www.amazon.com/dp/B00JIN6ANQ',200,'{\"BrandSellerorCollectionName\":\"Marc by Marc Jacobs\",\"ModelNum\":\"\",\"asin\":\"B00JIN6ANQ\",\"imgUrls\":[\"http://ecx.images-amazon.com/images/I/41z0NhPOtlL.jpg\"],\"material\":{\"Band Color\":\"Gold-Tone\",\"Band Material\":\"Stainless Steel\",\"Case Material\":\"Stainless Steel\",\"Dial window material type\":\"Mineral\"},\"price\":\"\",\"seller\":\"\",\"stock\":\"\"}',2,'2015-02-09 01:58:04','2015-02-09 02:51:36');
/*!40000 ALTER TABLE `amazon_item` ENABLE KEYS */;
UNLOCK TABLES;

--
-- Table structure for table `amazon_item_info`
--

DROP TABLE IF EXISTS `amazon_item_info`;
/*!40101 SET @saved_cs_client     = @@character_set_client */;
/*!40101 SET character_set_client = utf8 */;
CREATE TABLE `amazon_item_info` (
  `id` int(11) NOT NULL AUTO_INCREMENT,
  `self_asin` varchar(255) DEFAULT NULL COMMENT '自身asin，颜色下的尺寸的asin',
  `parent_asin` varchar(255) DEFAULT NULL COMMENT '属于哪一个asin,不是页面进来的那个',
  `belong_asin` varchar(255) DEFAULT NULL COMMENT '对应于进入页面的，也就是item表的asin',
  `material` varchar(255) DEFAULT NULL COMMENT '材质，用json格式存储',
  `size` int(11) DEFAULT '0' COMMENT '尺寸',
  `img_url` varchar(255) DEFAULT NULL COMMENT '图片链接，多图时使用逗号隔开',
  `price` double DEFAULT '0' COMMENT '价格',
  `stock` int(11) DEFAULT NULL COMMENT '库存数量',
  `seller` varchar(255) DEFAULT NULL COMMENT '卖家名字',
  `last_http_code` int(11) DEFAULT '0',
  `goods_type` enum('shoes','watch') DEFAULT NULL COMMENT '商品类型',
  `gmt_created` datetime DEFAULT NULL,
  `gmt_modified` datetime DEFAULT NULL,
  PRIMARY KEY (`id`)
) ENGINE=InnoDB DEFAULT CHARSET=utf8;
/*!40101 SET character_set_client = @saved_cs_client */;

--
-- Dumping data for table `amazon_item_info`
--

LOCK TABLES `amazon_item_info` WRITE;
/*!40000 ALTER TABLE `amazon_item_info` DISABLE KEYS */;
/*!40000 ALTER TABLE `amazon_item_info` ENABLE KEYS */;
UNLOCK TABLES;

--
-- Table structure for table `amazon_log`
--

DROP TABLE IF EXISTS `amazon_log`;
/*!40101 SET @saved_cs_client     = @@character_set_client */;
/*!40101 SET character_set_client = utf8 */;
CREATE TABLE `amazon_log` (
  `id` int(11) NOT NULL AUTO_INCREMENT,
  `update_category_id` int(11) NOT NULL,
  `update_goods_url` varchar(255) NOT NULL,
  `status` enum('completed','executing') DEFAULT 'executing' COMMENT '是否正在抓取数据',
  `update_time` datetime NOT NULL COMMENT '每次更新记录的时间',
  `gmt_created` datetime NOT NULL,
  `gmt_modified` datetime NOT NULL,
  PRIMARY KEY (`id`)
) ENGINE=InnoDB DEFAULT CHARSET=utf8;
/*!40101 SET character_set_client = @saved_cs_client */;

--
-- Dumping data for table `amazon_log`
--

LOCK TABLES `amazon_log` WRITE;
/*!40000 ALTER TABLE `amazon_log` DISABLE KEYS */;
/*!40000 ALTER TABLE `amazon_log` ENABLE KEYS */;
UNLOCK TABLES;

--
-- Table structure for table `amazon_page`
--

DROP TABLE IF EXISTS `amazon_page`;
/*!40101 SET @saved_cs_client     = @@character_set_client */;
/*!40101 SET character_set_client = utf8 */;
CREATE TABLE `amazon_page` (
  `id` int(11) NOT NULL AUTO_INCREMENT,
  `page_url` varchar(255) DEFAULT NULL COMMENT '翻页点击时候的url',
  `belongto_category_id` int(11) DEFAULT '0' COMMENT '属于哪一类',
  `gmt_created` datetime NOT NULL,
  `gmt_modified` datetime NOT NULL,
  PRIMARY KEY (`id`)
) ENGINE=InnoDB DEFAULT CHARSET=utf8;
/*!40101 SET character_set_client = @saved_cs_client */;

--
-- Dumping data for table `amazon_page`
--

LOCK TABLES `amazon_page` WRITE;
/*!40000 ALTER TABLE `amazon_page` DISABLE KEYS */;
/*!40000 ALTER TABLE `amazon_page` ENABLE KEYS */;
UNLOCK TABLES;

--
-- Table structure for table `item_bak`
--

DROP TABLE IF EXISTS `item_bak`;
/*!40101 SET @saved_cs_client     = @@character_set_client */;
/*!40101 SET character_set_client = utf8 */;
CREATE TABLE `item_bak` (
  `id` int(11) NOT NULL AUTO_INCREMENT,
  `name` varchar(255) DEFAULT NULL,
  `asin` varchar(255) NOT NULL COMMENT 'amazon的唯一id',
  `item_url` varchar(255) NOT NULL COMMENT '商品的url',
  `last_http_code` int(11) DEFAULT '0' COMMENT '上一次查询返回的响应代码,0是没有得到返回',
  `whole_content` longtext COMMENT 'http请求返回的文本内容',
  `belongto_category_id` int(11) DEFAULT NULL COMMENT '属于哪一类',
  `gmt_created` datetime NOT NULL,
  `gmt_modified` datetime NOT NULL,
  PRIMARY KEY (`id`),
  UNIQUE KEY `asin_index` (`asin`)
) ENGINE=InnoDB AUTO_INCREMENT=57 DEFAULT CHARSET=utf8;
/*!40101 SET character_set_client = @saved_cs_client */;

--
-- Dumping data for table `item_bak`
--

LOCK TABLES `item_bak` WRITE;
/*!40000 ALTER TABLE `item_bak` DISABLE KEYS */;
INSERT INTO `item_bak` VALUES (1,'Marc by Marc Jacobs Henry Skeleton Gold Leather Watch - MBM1246','B009V0KUT6','http://www.amazon.com/dp/B009V0KUT6',200,'{\"imgUrl\":[\"http://ecx.images-amazon.com/images/I/414qZH0icCL.jpg\",\"http://ecx.images-amazon.com/images/I/51GqEffR1oL.jpg\",\"http://ecx.images-amazon.com/images/I/41CCh-SyhGL.jpg\"],\"material\":{\"Band Material\":\"leather\",\"Case Material\":\"Gold Ion-plated Stainless Steel\",\"Dial window material type\":\"Scratch Resistant Mineral\"},\"price\":\"$136.90\",\"seller\":\"Time And Beyond\",\"stock\":\"In Stock.\"}',1,'2014-12-10 22:42:00','2014-12-10 22:42:00'),(2,'Marc by Marc Jacobs Women\'s Blade Etched Logo Watch, Silver/Black, One Size','B006IUDZ8K','http://www.amazon.com/dp/B006IUDZ8K',200,'{\"imgUrl\":[\"http://ecx.images-amazon.com/images/I/41yGrruxHTL.jpg\",\"http://ecx.images-amazon.com/images/I/210c8u-NM9L.jpg\"],\"material\":{\"Band Material\":\"Leather\",\"Case Material\":\"Stainless Steel\",\"Dial window material type\":\"Scratch Resistant Mineral\"},\"price\":\"$117.08\",\"seller\":\"Time And Beyond\",\"stock\":\"In Stock.\"}',1,'2014-12-10 22:42:03','2014-12-10 22:42:03'),(3,'Marc by Marc Jacobs Blade Leather Strap Women\'s Watch - MBM1218','B007CONOHS','http://www.amazon.com/dp/B007CONOHS',200,'{\"imgUrl\":[\"http://ecx.images-amazon.com/images/I/41vB09-Q42L.jpg\"],\"material\":{\"Band Material\":\"Stainless Steel\",\"Case Material\":\"Stainless steel\",\"Dial window material type\":\"Mineral\"},\"price\":\"$136.50\",\"seller\":\"Dexclusive\",\"stock\":\"Only 1 left in stock.\"}',1,'2014-12-10 22:42:08','2014-12-10 22:42:08'),(4,'Marc by Marc Jacobs Men\'s MBM1316 Brown Leather Strap Watch','B00HGDLKIU','http://www.amazon.com/dp/B00HGDLKIU',200,'{\"imgUrl\":[\"http://ecx.images-amazon.com/images/I/41zjUtZtxjL.jpg\",\"http://ecx.images-amazon.com/images/I/51N3esjQ1AL.jpg\",\"http://ecx.images-amazon.com/images/I/516Dd7zWvhL.jpg\"],\"material\":{\"Band Material\":\"Pig skin leather\",\"Case Material\":\"Gold-tone Stainless Steel\",\"Dial window material type\":\"Scratch Resistant Mineral\"},\"price\":\"$129.99\",\"seller\":\"Ja-Closeouts\",\"stock\":\"In Stock.\"}',1,'2014-12-10 22:42:11','2014-12-10 22:42:11'),(5,'Marc by Marc Jacobs Danny Black Dial Brown Leather Mens Watch MBM5039','B00HGDLNYQ','http://www.amazon.com/dp/B00HGDLNYQ',200,'{\"imgUrl\":[\"http://ecx.images-amazon.com/images/I/41VDUBLW0qL.jpg\"],\"material\":{\"Band Material\":\"Leather\",\"Case Material\":\"Stainless Steel\",\"Dial window material type\":\"Scratch Resistant Mineral\"},\"price\":\"$162.87\",\"stock\":\"Only 5 left in stock.\"}',1,'2014-12-10 22:42:13','2014-12-10 22:42:13'),(6,'Marc by Marc Jacobs Women\'s Fergus Watch, Gold/Green Jean/Tan, One Size','B00KCCWHUM','http://www.amazon.com/dp/B00KCCWHUM',200,'{\"imgUrl\":[\"http://ecx.images-amazon.com/images/I/41ba2dz%2BCeL.jpg\"],\"material\":{\"Band Material\":\"Leather\",\"Case Material\":\"Stainless steel\",\"Dial window material type\":\"Mineral\"},\"price\":\"$156.99\",\"stock\":\"Only 1 left in stock.\"}',1,'2014-12-10 22:42:16','2014-12-10 22:42:16'),(7,'Marc by Marc Jacobs Chronograph Silver Dial Two-tone Ladies Watch MBM3177','B0085G4A7A','http://www.amazon.com/dp/B0085G4A7A',200,'{\"imgUrl\":[\"http://ecx.images-amazon.com/images/I/41bBGUIZ6NL.jpg\",\"http://ecx.images-amazon.com/images/I/41E9RRrT6YL.jpg\",\"http://ecx.images-amazon.com/images/I/41-48-U6%2BuL.jpg\"],\"material\":{\"Band Material\":\"Gold-plated stainless steel\",\"Case Material\":\"Stainless Steel\",\"Dial window material type\":\"Scratch Resistant Mineral\"},\"price\":\"$215.11\",\"seller\":\"Watch Grabber\",\"stock\":\"Only 5 left in stock.\"}',1,'2014-12-10 22:42:19','2014-12-10 22:42:19'),(8,'Marc by Marc Jacobs Men\'s Fergus 42MM Watch, Brown/Mineral Blue, One Size','B00KCCWH84','http://www.amazon.com/dp/B00KCCWH84',200,'{\"imgUrl\":[\"http://ecx.images-amazon.com/images/I/41IOAoUqYSL.jpg\"],\"material\":{\"Band Material\":\"Pig skin leather\",\"Case Material\":\"Stainless steel\",\"Dial window material type\":\"Mineral\"},\"price\":\"$156.99\",\"seller\":\"Savvy Watch\",\"stock\":\"Only 3 left in stock.\"}',1,'2014-12-10 22:42:21','2014-12-10 22:42:21'),(9,'Marc by Marc Jacobs MBM3255 Henry Black Skeleton Watch','B00BFNAVPK','http://www.amazon.com/dp/B00BFNAVPK',200,'{\"imgUrl\":[\"http://ecx.images-amazon.com/images/I/41efB5zk9dL.jpg\",\"http://ecx.images-amazon.com/images/I/318rM1TADBL.jpg\",\"http://ecx.images-amazon.com/images/I/41VPkV2nX%2BL.jpg\"],\"material\":{\"Band Material\":\"Stainless Steel\",\"Case Material\":\"Stainless steel\",\"Dial window material type\":\"Mineral\"},\"price\":\"$165.73\",\"seller\":\"Cool Chrono\",\"stock\":\"Only 4 left in stock.\"}',1,'2014-12-10 22:42:23','2014-12-10 22:42:23'),(10,'Marc by Marc Jacob Larry Black Dial Black Leather Mens Watch MBM5033','B00BJI4PTO','http://www.amazon.com/dp/B00BJI4PTO',200,'{\"imgUrl\":[\"http://ecx.images-amazon.com/images/I/51UWndI2BGL.jpg\",\"http://ecx.images-amazon.com/images/I/41vPqF6WOQL.jpg\",\"http://ecx.images-amazon.com/images/I/31eiFmpCIGL.jpg\"],\"material\":{\"Band Material\":\"Leather\",\"Case Material\":\"Stainless Steel\",\"Dial window material type\":\"Scratch Resistant Mineral\"},\"stock\":\"Available from <a href=\'/gp/offer-listing/B00BJI4PTO/ref=dp_olp_0?ie=UTF8&amp;condition=all\'>these sellers</a>.\"}',1,'2014-12-10 22:42:28','2014-12-10 22:42:28'),(11,'Marc By Marc Jacobs Fergus Chronograph Blue Dial Brown Leather Mens Watch MBM5066','B00NJ3CV98','http://www.amazon.com/dp/B00NJ3CV98',200,'{\"imgUrl\":[\"http://ecx.images-amazon.com/images/I/51L--Ae3d%2BL.jpg\"],\"material\":{\"Band Material\":\"Calfskin\",\"Case Material\":\"Stainless Steel\",\"Dial window material type\":\"Scratch Resistant Mineral\"},\"price\":\"$154.40\",\"stock\":\"In Stock.\"}',1,'2014-12-10 22:42:30','2014-12-10 22:42:30'),(12,'Marc by Marc Jacobs Black Dial Stainless Steel Mens Watch MBM5059','B00HGDLMOW','http://www.amazon.com/dp/B00HGDLMOW',200,'{\"imgUrl\":[\"http://ecx.images-amazon.com/images/I/41WxMOyKy-L.jpg\"],\"material\":{\"Band Material\":\"Stainless Steel\",\"Case Material\":\"Stainless Steel\",\"Dial window material type\":\"Mineral\"},\"price\":\"$159.99\",\"seller\":\"Advance Buy\",\"stock\":\"In Stock.\"}',1,'2014-12-10 22:42:32','2014-12-10 22:42:32'),(13,'Marc Jacobs Mbm9023 His and Hers Rose Gold and White Pelly Gift Set','B00J4KQERK','http://www.amazon.com/dp/B00J4KQERK',200,'{\"imgUrl\":[\"http://ecx.images-amazon.com/images/I/51IthdVksGL.jpg\",\"http://ecx.images-amazon.com/images/I/41YeqhrBHfL.jpg\",\"http://ecx.images-amazon.com/images/I/41ga%2BkqMexL.jpg\",\"http://ecx.images-amazon.com/images/I/51AEj7sLLBL.jpg\",\"http://ecx.images-amazon.com/images/I/416jGK%2BC%2BaL.jpg\"],\"material\":{\"Band Material\":\"Pelly\"},\"price\":\"$298.99\",\"seller\":\"PaidnShipped\",\"stock\":\"Only 1 left in stock.\"}',1,'2014-12-10 22:42:34','2014-12-10 22:42:34'),(14,'Marc by Marc Jacobs MBM5065 Chronograph Black Bracelet Men\'s Watch','B00NJ39IHQ','http://www.amazon.com/dp/B00NJ39IHQ',200,'{\"imgUrl\":[\"http://ecx.images-amazon.com/images/I/51Hhc-L5eSL.jpg\"],\"material\":{\"Band Material\":\"Stainless steel-plated\",\"Case Material\":\"Stainless steel\",\"Dial window material type\":\"Mineral\"},\"price\":\"$214.50\",\"stock\":\"In Stock.\"}',1,'2014-12-10 22:42:36','2014-12-10 22:42:36'),(15,'Marc by Marc Men\'s MBM5070 Danny Blue Dial Face Analog Watch','B00IPQWBQW','http://www.amazon.com/dp/B00IPQWBQW',200,'{\"imgUrl\":[\"http://ecx.images-amazon.com/images/I/51CrU22lZnL.jpg\",\"http://ecx.images-amazon.com/images/I/216JBKKAOLL.jpg\",\"http://ecx.images-amazon.com/images/I/41uwCTHGDcL.jpg\"],\"material\":{\"Band Material\":\"Stainless Steel\",\"Case Material\":\"Stainless steel\",\"Dial window material type\":\"Mineral\"},\"price\":\"$175.66\",\"stock\":\"Only 3 left in stock.\"}',1,'2014-12-10 22:42:39','2014-12-10 22:42:39'),(16,'MARC BY MARC JACOBS MBM5040 Danny black leather watch','B00FAORY5A','http://www.amazon.com/dp/B00FAORY5A',200,'{\"imgUrl\":[\"http://ecx.images-amazon.com/images/I/417-Vz-cBEL.jpg\"],\"material\":{},\"price\":\"$190.00\",\"seller\":\"Watch Grabber\",\"stock\":\"Only 1 left in stock.\"}',1,'2014-12-10 22:42:41','2014-12-10 22:42:41'),(17,'Marc by Marc Jacobs Larry Chronograph Black Dial Black Ion-plated Mens Watch MBM5032.','B009RSZHX6','http://www.amazon.com/dp/B009RSZHX6',200,'{\"imgUrl\":[\"http://ecx.images-amazon.com/images/I/51R9EJflVsL.jpg\"],\"material\":{\"Band Material\":\"Stainless Steel\",\"Case Material\":\"Black Ion-plated Stainless Steel\",\"Dial window material type\":\"Scratch Resistant Mineral\"},\"price\":\"$237.94\",\"stock\":\"Only 1 left in stock.\"}',1,'2014-12-10 22:42:43','2014-12-10 22:42:43'),(18,'Marc by Marc Men\'s MBM3320 The Slim Red Dial Face Analog Watch','B00MBV91H4','http://www.amazon.com/dp/B00MBV91H4',200,'{\"imgUrl\":[\"http://ecx.images-amazon.com/images/I/41xZYcgRedL.jpg\",\"http://ecx.images-amazon.com/images/I/410C7O1UpZL.jpg\",\"http://ecx.images-amazon.com/images/I/41sQQGBw1wL.jpg\"],\"material\":{\"Band Material\":\"Stainless steel\",\"Case Material\":\"Stainless steel\",\"Dial window material type\":\"Mineral\"},\"price\":\"$126.95\",\"stock\":\"In Stock.\"}',1,'2014-12-10 22:42:49','2014-12-10 22:42:49'),(19,'Marc Jacobs Henry White Dial Rose Gold-tone Stainless Steel Mens Watch MBM1249','B00BUUTBHM','http://www.amazon.com/dp/B00BUUTBHM',200,'{\"imgUrl\":[\"http://ecx.images-amazon.com/images/I/31z9EXLCs8L.jpg\"],\"material\":{\"Band Material\":\"Leather\",\"Case Material\":\"Rose Gold-tone Stainless Steel\",\"Dial window material type\":\"Scratch Resistant Mineral\"},\"price\":\"$112.00\",\"seller\":\"534KO\",\"stock\":\"Only 2 left in stock.\"}',1,'2014-12-10 22:42:51','2014-12-10 22:42:51'),(20,'Marc by Marc Jacobs Men\'s Jimmy Watch, Stainless Steel/Navy, One Size','B00HGDLOW2','http://www.amazon.com/dp/B00HGDLOW2',200,'{\"imgUrl\":[\"http://ecx.images-amazon.com/images/I/41VJjR4ivML.jpg\"],\"material\":{\"Case Material\":\"Stainless Steel\",\"Dial window material type\":\"Scratch Resistant Mineral\"},\"price\":\"$132.25\",\"seller\":\"Watch Cove\",\"stock\":\"Only 4 left in stock.\"}',1,'2014-12-10 22:42:53','2014-12-10 22:42:53'),(21,'Marc by Marc Jacobs Men\'s Fergus 42MM Watch, Stainless Steel/Black, One Size','B00KCCWFRC','http://www.amazon.com/dp/B00KCCWFRC',200,'{\"imgUrl\":[\"http://ecx.images-amazon.com/images/I/41MGsSqSFgL.jpg\"],\"material\":{\"Band Material\":\"Stainless steel\",\"Case Material\":\"Stainless steel\",\"Dial window material type\":\"Mineral\"},\"price\":\"$144.56\",\"stock\":\"Only 1 left in stock.\"}',1,'2014-12-10 22:42:57','2014-12-10 22:42:57'),(22,'Marc by Marc Jacobs MBM3244 Mens Rose Gold IP Baker Watch','B00ED3ZBUY','http://www.amazon.com/dp/B00ED3ZBUY',200,'{\"imgUrl\":[\"http://ecx.images-amazon.com/images/I/41T6lgpD3ZL.jpg\",\"http://ecx.images-amazon.com/images/I/41T6lgpD3ZL.jpg\"],\"material\":{\"Band Material\":\"Stainless Steel\",\"Case Material\":\"Stainless steel\"},\"price\":\"$196.51\",\"seller\":\"Watch Grabber\",\"stock\":\"In Stock.\"}',1,'2014-12-10 22:42:59','2014-12-10 22:42:59'),(23,'Marc by Marc Jacobs Larry Chronograph Olive Leather Mens Watch MBM5034','B009RSZJBG','http://www.amazon.com/dp/B009RSZJBG',200,'{\"imgUrl\":[\"http://ecx.images-amazon.com/images/I/411gNpIt5rL.jpg\"],\"material\":{},\"price\":\"$199.99\",\"seller\":\"BLASANI\",\"stock\":\"Only 1 left in stock.\"}',1,'2014-12-10 22:43:01','2014-12-10 22:43:01'),(24,'Henry Women\'s Watch','B00BFNARKE','http://www.amazon.com/dp/B00BFNARKE',200,'{\"imgUrl\":[\"http://ecx.images-amazon.com/images/I/41G-KVxCBiL.jpg\",\"http://ecx.images-amazon.com/images/I/416hooeosqL.jpg\",\"http://ecx.images-amazon.com/images/I/41B5FlqGu9L.jpg\"],\"material\":{\"Band Material\":\"Metal\",\"Case Material\":\"Stainless steel\",\"Dial window material type\":\"Mineral\"},\"price\":\"$162.95\",\"seller\":\"Time And Beyond\",\"stock\":\"In Stock.\"}',1,'2014-12-10 22:43:04','2014-12-10 22:43:04'),(25,'MARC JACOBS Watches CLASSIC MEN COLLECTION: FERGUS MBM5076','B00KCCWGBC','http://www.amazon.com/dp/B00KCCWGBC',200,'{\"imgUrl\":[\"http://ecx.images-amazon.com/images/I/412lbFocNSL.jpg\"],\"material\":{\"Band Material\":\"Pig skin leather\",\"Case Material\":\"Stainless steel\",\"Dial window material type\":\"Mineral\"},\"price\":\"$149.99\",\"seller\":\"Savvy Watch\",\"stock\":\"Only 1 left in stock.\"}',1,'2014-12-10 22:43:06','2014-12-10 22:43:06'),(26,'Marc Jacobs Sloane Black MBM8594 Watch','B00DULX4SQ','http://www.amazon.com/dp/B00DULX4SQ',200,'{\"imgUrl\":[\"http://ecx.images-amazon.com/images/I/41oz7ZRV7pL.jpg\"],\"material\":{\"Band Material\":\"Polycar urethane rubber\"},\"price\":\"$139.99\",\"seller\":\"Advance Buy\",\"stock\":\"In Stock.\"}',1,'2014-12-10 22:43:09','2014-12-10 22:43:09'),(27,'Marc by Marc Jacobs MBM3205 Mens Silver Henry Skeleton Watch','B00BBWW44Q','http://www.amazon.com/dp/B00BBWW44Q',200,'{\"imgUrl\":[\"http://ecx.images-amazon.com/images/I/41K5pkVfaNL.jpg\"],\"material\":{\"Band Material\":\"Stainless Steel\",\"Case Material\":\"Stainless steel\",\"Dial window material type\":\"Mineral\"},\"price\":\"$174.99\",\"seller\":\"Matilda F & C\",\"stock\":\"Only 4 left in stock.\"}',1,'2014-12-10 22:43:16','2014-12-10 22:43:16'),(28,'Marc Jacobs Rock Black Watch MBM5057','B00IHNKPXE','http://www.amazon.com/dp/B00IHNKPXE',200,'{\"imgUrl\":[\"http://ecx.images-amazon.com/images/I/51-PZouBnsL.jpg\",\"http://ecx.images-amazon.com/images/I/41aZPNyMrML.jpg\",\"http://ecx.images-amazon.com/images/I/41g5bwVlPZL.jpg\"],\"material\":{\"Band Material\":\"Stainless Steel\",\"Case Material\":\"Stainless steel\",\"Dial window material type\":\"Mineral\"},\"price\":\"$252.10\",\"stock\":\"Only 1 left in stock.\"}',1,'2014-12-10 22:43:19','2014-12-10 22:43:19'),(29,'Marc by Marc Jacobs MBM3207 Mens Rose Gold Henry Skeleton Watch','B00BBWW4MS','http://www.amazon.com/dp/B00BBWW4MS',200,'{\"imgUrl\":[\"http://ecx.images-amazon.com/images/I/51BtbXIgLYL.jpg\",\"http://ecx.images-amazon.com/images/I/31ffPuF8APL.jpg\"],\"material\":{\"Band Material\":\"Stainless Steel\"},\"price\":\"$211.14\",\"stock\":\"Only 5 left in stock.\"}',1,'2014-12-10 22:43:23','2014-12-10 22:43:23'),(30,'Marc by Marc Jacobs MBM3155 Mens Silver Rock Chronograph Watch','B008N8X4SG','http://www.amazon.com/dp/B008N8X4SG',200,'{\"imgUrl\":[\"http://ecx.images-amazon.com/images/I/41Y%2BRGp%2BxqL.jpg\"],\"material\":{\"Band Material\":\"Stainless Steel\"},\"price\":\"$196.44\",\"stock\":\"Only 1 left in stock.\"}',1,'2014-12-10 22:43:26','2014-12-10 22:43:26'),(31,'Marc by Marc Jacobs Men\'s Jimmy Watch, Black/Black, One Size','B00HGDLOLS','http://www.amazon.com/dp/B00HGDLOLS',200,'{\"imgUrl\":[\"http://ecx.images-amazon.com/images/I/41ZNZYEu5iL.jpg\",\"http://ecx.images-amazon.com/images/I/41m6A-JxNML.jpg\",\"http://ecx.images-amazon.com/images/I/41rBGiUW6GL.jpg\"],\"material\":{\"Band Material\":\"Leather\",\"Case Material\":\"Stainless steel\",\"Dial window material type\":\"Mineral\"},\"price\":\"$153.50\",\"stock\":\"Only 3 left in stock.\"}',1,'2014-12-10 22:43:28','2014-12-10 22:43:28'),(32,'Marc by Marc Jacobs Men\'s Larry Band Watch, Gunmetal/Black, One Size','B00IH5KJOW','http://www.amazon.com/dp/B00IH5KJOW',200,'{\"imgUrl\":[\"http://ecx.images-amazon.com/images/I/418eeeDuXvL.jpg\"],\"material\":{\"Band Material\":\"Leather\",\"Dial window material type\":\"Mineral\"},\"price\":\"$275.00\",\"stock\":\"Only 3 left in stock.\"}',1,'2014-12-10 22:43:32','2014-12-10 22:43:32'),(33,'Marc by Marc Jacobs MBM3188 Mens Gold Rock Chronograph Watch','B00A4C3T5W','http://www.amazon.com/dp/B00A4C3T5W',200,'{\"imgUrl\":[\"http://ecx.images-amazon.com/images/I/41rsRXY0oDL.jpg\",\"http://ecx.images-amazon.com/images/I/41rsRXY0oDL.jpg\"],\"material\":{\"Band Material\":\"Stainless Steel\"},\"price\":\"$229.99\",\"stock\":\"Only 2 left in stock.\"}',1,'2014-12-10 22:43:35','2014-12-10 22:43:35'),(34,'Marc Jacobs MBM2583 Black/Shell','B007CONPB8','http://www.amazon.com/dp/B007CONPB8',200,'{\"imgUrl\":[\"http://ecx.images-amazon.com/images/I/51YDRuZAMfL.jpg\",\"http://ecx.images-amazon.com/images/I/41%2BJzmnpO5L.jpg\",\"http://ecx.images-amazon.com/images/I/41XiLyIJSSL.jpg\"],\"material\":{\"Band Material\":\"Stainless Steel\",\"Case Material\":\"Black Ion-plated Stainless Steel\",\"Dial window material type\":\"Scratch Resistant Mineral\"},\"price\":\"$217.96\",\"seller\":\"Teelys\",\"stock\":\"In Stock.\"}',1,'2014-12-10 22:43:38','2014-12-10 22:43:38'),(35,'Marc by Marc Jacobs MBM5036 Mens Black Steel Danny Watch','B00I90GE44','http://www.amazon.com/dp/B00I90GE44',200,'{\"imgUrl\":[\"http://ecx.images-amazon.com/images/I/41cRu7SD%2BVL.jpg\"],\"material\":{\"Band Material\":\"Stainless Steel\"},\"price\":\"$212.91\",\"seller\":\"Savvy Watch\",\"stock\":\"Only 1 left in stock.\"}',1,'2014-12-10 22:43:40','2014-12-10 22:43:40'),(36,'Marc by Marc Jacobs Rock Stainless Steel &amp; Blue Watch, 46mm','B00IHNNVT4','http://www.amazon.com/dp/B00IHNNVT4',200,'{\"imgUrl\":[\"http://ecx.images-amazon.com/images/I/51ud72bxIwL.jpg\"],\"material\":{\"Band Material\":\"Stainless Steel\",\"Case Material\":\"Stainless steel\",\"Dial window material type\":\"Mineral\"},\"price\":\"$193.46\",\"seller\":\"BLASANI\",\"stock\":\"Only 2 left in stock.\"}',1,'2014-12-10 22:43:43','2014-12-10 22:43:43'),(37,'Marc Jacobs Stainless Steel Chronograph Mens Watch - MBM5027','B009AZ9HSM','http://www.amazon.com/dp/B009AZ9HSM',200,'{\"imgUrl\":[\"http://ecx.images-amazon.com/images/I/51lXBn-NHIL.jpg\",\"http://ecx.images-amazon.com/images/I/41IeE5CXFEL.jpg\",\"http://ecx.images-amazon.com/images/I/41RfajzDR5L.jpg\"],\"material\":{\"Band Material\":\"Stainless Steel\",\"Case Material\":\"Stainless Steel\",\"Dial window material type\":\"Mineral\"},\"price\":\"$289.99\",\"seller\":\"Luxury Direct Today\",\"stock\":\"Only 2 left in stock.\"}',1,'2014-12-10 22:43:45','2014-12-10 22:43:45'),(38,'Marc by Marc Jacobs MBM1322 Mens Red Orange The Slim Watch','B00LH9G0DY','http://www.amazon.com/dp/B00LH9G0DY',200,'{\"imgUrl\":[\"http://ecx.images-amazon.com/images/I/41MdWyeE8-L.jpg\"],\"material\":{\"Band Material\":\"Leather\",\"Case Material\":\"Stainless steel\",\"Dial window material type\":\"Mineral\"},\"price\":\"$147.65\",\"seller\":\"Watch Grabber\",\"stock\":\"Only 4 left in stock.\"}',1,'2014-12-10 22:43:49','2014-12-10 22:43:49'),(39,'Marc By Marc Jacobs Men\'s Jimmy MBM5060 Red Leather Quartz Watch with Black Dial','B00HGDLMCO','http://www.amazon.com/dp/B00HGDLMCO',200,'{\"imgUrl\":[\"http://ecx.images-amazon.com/images/I/41BEyvI7nWL.jpg\",\"http://ecx.images-amazon.com/images/I/41EWAfodyoL.jpg\",\"http://ecx.images-amazon.com/images/I/41Ek7Ws3QOL.jpg\"],\"material\":{\"Band Material\":\"Calfskin\",\"Case Material\":\"Stainless steel\",\"Dial window material type\":\"Mineral\"},\"price\":\"$179.99\",\"seller\":\"Luxury Direct Today\",\"stock\":\"Only 2 left in stock.\"}',1,'2014-12-10 22:43:50','2014-12-10 22:43:50'),(40,'Marc By Marc Jacobs Rock Chronograph Grey Dial Stainless Steel Mens Watch MBM5028','B00A3PGYES','http://www.amazon.com/dp/B00A3PGYES',200,'{\"imgUrl\":[\"http://ecx.images-amazon.com/images/I/5161l7yzjRL.jpg\",\"http://ecx.images-amazon.com/images/I/41MY8m9p4DL.jpg\"],\"material\":{\"Band Material\":\"Stainless Steel\",\"Case Material\":\"Stainless Steel\",\"Dial window material type\":\"Scratch Resistant Mineral\"},\"price\":\"$197.76\",\"seller\":\"Watch Cove\",\"stock\":\"Only 2 left in stock.\"}',1,'2014-12-10 22:43:52','2014-12-10 22:43:52'),(41,'Marc by Marc Jacobs Danny Black Leather Mens Watch MBM5041','B00IHVGZG2','http://www.amazon.com/dp/B00IHVGZG2',200,'{\"imgUrl\":[\"http://ecx.images-amazon.com/images/I/41xSP8xVVqL.jpg\"],\"material\":{\"Band Material\":\"Crocodile leather\",\"Case Material\":\"Stainless steel\",\"Dial window material type\":\"Mineral\"},\"stock\":\"Available from <a href=\'/gp/offer-listing/B00IHVGZG2/ref=dp_olp_0?ie=UTF8&amp;condition=all\'>these sellers</a>.\"}',1,'2014-12-10 22:43:55','2014-12-10 22:43:55'),(42,'Marc by Marc Jacobs Baby Dave Ivory Dial Brown Leather Unisex Watch MBM1261','B00AJGK5SC','http://www.amazon.com/dp/B00AJGK5SC',200,'{\"imgUrl\":[\"http://ecx.images-amazon.com/images/I/413t65q9UpL.jpg\"],\"material\":{\"Band Material\":\"Leather\",\"Case Material\":\"Stainless Steel\",\"Dial window material type\":\"Scratch Resistant Mineral\"},\"price\":\"$165.00\",\"seller\":\"TIMELESS FASHION\",\"stock\":\"Only 3 left in stock.\"}',1,'2014-12-10 22:43:57','2014-12-10 22:43:57'),(43,'Marc Jacobs Men\'s Watch MBM3522','B005PL5HJS','http://www.amazon.com/dp/B005PL5HJS',200,'{\"imgUrl\":[\"http://ecx.images-amazon.com/images/I/31xogUWLswL.jpg\"],\"material\":{},\"price\":\"$225.00\",\"stock\":\"Only 1 left in stock.\"}',1,'2014-12-10 22:44:01','2014-12-10 22:44:01'),(44,'Marc by Marc Jacobs Mens Diver Silicone Black Red Jewelry Watch MBM2571','B0059776X8','http://www.amazon.com/dp/B0059776X8',200,'{\"imgUrl\":[\"http://ecx.images-amazon.com/images/I/41LvcKfNpDL.jpg\",\"http://ecx.images-amazon.com/images/I/41popprzrbL.jpg\",\"http://ecx.images-amazon.com/images/I/41Ob2ipSqWL.jpg\",\"http://ecx.images-amazon.com/images/I/41LvcKfNpDL.jpg\",\"http://ecx.images-amazon.com/images/I/31MKh0dfshL.jpg\"],\"material\":{\"Band Material\":\"Silicone\",\"Dial window material type\":\"Mineral\"},\"price\":\"$178.00\",\"seller\":\"BSD Jewelry And Watches\",\"stock\":\"Only 1 left in stock.\"}',1,'2014-12-10 22:44:03','2014-12-10 22:44:03'),(45,'Marc by Marc Jacobs Baby Dave Ivory Dial White Leather Unisex Watch MBM1260','B00AJGKG5O','http://www.amazon.com/dp/B00AJGKG5O',200,'{\"imgUrl\":[\"http://ecx.images-amazon.com/images/I/41PJjxKPvKL.jpg\"],\"material\":{\"Band Material\":\"Leather\",\"Case Material\":\"Stainless Steel\",\"Dial window material type\":\"Scratch Resistant Mineral\"},\"price\":\"$119.99\",\"seller\":\"BSD Jewelry And Watches\",\"stock\":\"Only 2 left in stock.\"}',1,'2014-12-10 22:44:06','2014-12-10 22:44:06'),(46,NULL,'B005PL59AK','http://www.amazon.com/dp/B005PL59AK',200,'{\"imgUrl\":[],\"material\":{}}',1,'2014-12-10 22:44:12','2014-12-10 22:44:12'),(47,'Marc by Marc Jacobs MBM2598 Mens Black Rock Chronograph Watch','B00E267M4U','http://www.amazon.com/dp/B00E267M4U',200,'{\"imgUrl\":[\"http://ecx.images-amazon.com/images/I/41GDkSJ%2Bg%2BL.jpg\",\"http://ecx.images-amazon.com/images/I/41GDkSJ%2Bg%2BL.jpg\"],\"material\":{\"Band Material\":\"Silicone\",\"Case Material\":\"Steel and 18k gold\"},\"price\":\"$259.00\",\"seller\":\"K.G. Company\",\"stock\":\"Only 1 left in stock.\"}',1,'2014-12-10 22:44:17','2014-12-10 22:44:17'),(48,'Marc by Marc Jacobs Jimmy Blue Dial Stainless Steel Mens Watch MBM5058','B00HGDLMXS','http://www.amazon.com/dp/B00HGDLMXS',200,'{\"imgUrl\":[\"http://ecx.images-amazon.com/images/I/416tNdBbAOL.jpg\"],\"material\":{\"Band Material\":\"Stainless steel\",\"Case Material\":\"Stainless Steel\",\"Dial window material type\":\"Scratch Resistant Mineral\"},\"price\":\"$123.32\",\"seller\":\"BLASANI\",\"stock\":\"In Stock.\"}',1,'2014-12-10 22:44:19','2014-12-10 22:44:19'),(49,'Marc by Marc Jacobs Men\'s Danny Watch, Stainless Steel/Black, One Size','B00HGDLO9K','http://www.amazon.com/dp/B00HGDLO9K',200,'{\"imgUrl\":[\"http://ecx.images-amazon.com/images/I/417%2BKwSow1L.jpg\",\"http://ecx.images-amazon.com/images/I/41X2mqyUoVL.jpg\",\"http://ecx.images-amazon.com/images/I/41ax%2BsDqEsL.jpg\"],\"material\":{\"Band Material\":\"Stainless Steel\",\"Case Material\":\"Stainless steel\",\"Dial window material type\":\"Mineral\"},\"price\":\"$194.79\",\"stock\":\"Only 3 left in stock.\"}',1,'2014-12-10 22:44:24','2014-12-10 22:44:24'),(50,'Marc by Marc Jacobs Men\'s MBM3157 Grey Dial Two-tone Chronograph Watch','B0085G4OK8','http://www.amazon.com/dp/B0085G4OK8',200,'{\"imgUrl\":[\"http://ecx.images-amazon.com/images/I/41eVp-RvX2L.jpg\"],\"material\":{\"Band Material\":\"TT Rose Gold Plated SS\",\"Case Material\":\"Stainless Steel\",\"Dial window material type\":\"Scratch Resistant Mineral\"},\"price\":\"$209.98\",\"seller\":\"DealMeDeal\",\"stock\":\"Only 3 left in stock.\"}',1,'2014-12-10 22:44:26','2014-12-10 22:44:26'),(51,'Marc By Marc Jacobs Rock Metal Chronograph Gold Ion-plated Mens Watch MBM3158','B0085G4K9I','http://www.amazon.com/dp/B0085G4K9I',200,'{\"imgUrl\":[\"http://ecx.images-amazon.com/images/I/51avNh73u-L.jpg\"],\"material\":{\"Case Material\":\"Gold-plated Stainless Steel\",\"Dial window material type\":\"Scratch Resistant Mineral\"},\"price\":\"$350.00\",\"stock\":\"Only 1 left in stock.\"}',1,'2014-12-10 22:44:28','2014-12-10 22:44:28'),(52,NULL,'B007X5ACPI','http://www.amazon.com/dp/B007X5ACPI',200,'{\"imgUrl\":[],\"material\":{}}',1,'2014-12-10 22:44:33','2014-12-10 22:44:33'),(53,'Marc by Marc Jacobs Baby Dave Champagne Dial Teal Leather Unisex Watch MBM1263','B00AJGK4U6','http://www.amazon.com/dp/B00AJGK4U6',200,'{\"imgUrl\":[\"http://ecx.images-amazon.com/images/I/51wsOYn-ubL.jpg\",\"http://ecx.images-amazon.com/images/I/51rxqdZTivL.jpg\",\"http://ecx.images-amazon.com/images/I/51fBAaut3tL.jpg\"],\"material\":{\"Band Material\":\"Leather\",\"Case Material\":\"Stainless Steel\",\"Dial window material type\":\"Scratch Resistant Mineral\"},\"price\":\"$163.00\",\"stock\":\"Only 1 left in stock.\"}',1,'2014-12-10 22:44:37','2014-12-10 22:44:37'),(54,'Mbm9042 his and hers stainless steel rose gold watch gift set','B00GWUOIZK','http://www.amazon.com/dp/B00GWUOIZK',200,'{\"imgUrl\":[\"http://ecx.images-amazon.com/images/I/31FhiGrhyYL.jpg\"],\"material\":{\"Band Material\":\"Stainless steel rose gold\"},\"stock\":\"Available from <a href=\'/gp/offer-listing/B00GWUOIZK/ref=dp_olp_0?ie=UTF8&amp;condition=all\'>these sellers</a>.\"}',1,'2014-12-10 22:44:39','2014-12-10 22:44:39'),(55,'Marc by Marc Jacobs Baby Dave White Dial Black Leather Unisex Watch MBM1263','B00CGAJYHM','http://www.amazon.com/dp/B00CGAJYHM',200,'{\"imgUrl\":[\"http://ecx.images-amazon.com/images/I/414kBjtPt%2BL.jpg\"],\"material\":{\"Band Material\":\"Leather\",\"Case Material\":\"Stainless Steel\",\"Dial window material type\":\"Scratch Resistant Mineral\"},\"price\":\"$180.00\",\"seller\":\"TIMELESS FASHION\",\"stock\":\"Only 4 left in stock.\"}',1,'2014-12-10 22:44:40','2014-12-10 22:44:40'),(56,'Marc by Marc Jacobs Men\'s Fergus Automatic Watch, Black/Tan, One Size','B00NJ3GGOY','http://www.amazon.com/dp/B00NJ3GGOY',200,'{\"imgUrl\":[\"http://ecx.images-amazon.com/images/I/41Qb3zxfl8L.jpg\",\"http://ecx.images-amazon.com/images/I/51R5P1BfKvL.jpg\",\"http://ecx.images-amazon.com/images/I/31ovYxdh%2BYL.jpg\",\"http://ecx.images-amazon.com/images/I/31VCHAF7lfL.jpg\"],\"material\":{\"Band Material\":\"Leather\",\"Dial window material type\":\"Mineral Crystal\"},\"price\":\"$425.00\",\"stock\":\"Only 3 left in stock.\"}',1,'2014-12-10 22:44:43','2014-12-10 22:44:43');
/*!40000 ALTER TABLE `item_bak` ENABLE KEYS */;
UNLOCK TABLES;

--
-- Table structure for table `tab_kf_log`
--

DROP TABLE IF EXISTS `tab_kf_log`;
/*!40101 SET @saved_cs_client     = @@character_set_client */;
/*!40101 SET character_set_client = utf8 */;
CREATE TABLE `tab_kf_log` (
  `user_id` bigint(20) NOT NULL,
  `work_status` smallint(10) NOT NULL DEFAULT '1',
  `create_date` datetime NOT NULL,
  `remarks` varchar(2000) DEFAULT NULL,
  `kflog_id` bigint(255) NOT NULL AUTO_INCREMENT,
  `del_status` smallint(6) NOT NULL,
  PRIMARY KEY (`kflog_id`)
) ENGINE=InnoDB AUTO_INCREMENT=11 DEFAULT CHARSET=utf8;
/*!40101 SET character_set_client = @saved_cs_client */;

--
-- Dumping data for table `tab_kf_log`
--

LOCK TABLES `tab_kf_log` WRITE;
/*!40000 ALTER TABLE `tab_kf_log` DISABLE KEYS */;
INSERT INTO `tab_kf_log` VALUES (1,2,'2014-04-25 00:00:00','上夜班上夜班上夜班上夜班上夜班上夜班上夜班上夜班上夜班上夜班上夜班上夜班上',1,0),(1,1,'2014-04-24 09:00:00','上白班上白班上白班上白班上白班上白班上白班上白班上白班上白班上白班上白班上白班',2,0),(1,1,'2014-04-24 09:00:00','999',3,0),(1,1,'2014-03-28 16:21:29','',5,1),(1,2,'2014-04-29 17:26:31','额顶顶顶顶顶',6,1),(1,2,'2014-04-29 17:33:14','2635687974',7,1),(1,1,'2014-04-30 09:20:23','反反复',8,1),(1,1,'2014-04-30 12:37:01','111111111111111',9,1),(1,1,'2014-10-03 05:33:33','8797978',10,0);
/*!40000 ALTER TABLE `tab_kf_log` ENABLE KEYS */;
UNLOCK TABLES;

--
-- Table structure for table `tab_permission`
--

DROP TABLE IF EXISTS `tab_permission`;
/*!40101 SET @saved_cs_client     = @@character_set_client */;
/*!40101 SET character_set_client = utf8 */;
CREATE TABLE `tab_permission` (
  `permission_id` bigint(20) NOT NULL AUTO_INCREMENT,
  `description` varchar(255) NOT NULL,
  `code` varchar(255) NOT NULL,
  PRIMARY KEY (`permission_id`)
) ENGINE=InnoDB AUTO_INCREMENT=8 DEFAULT CHARSET=utf8 COMMENT='权限';
/*!40101 SET character_set_client = @saved_cs_client */;

--
-- Dumping data for table `tab_permission`
--

LOCK TABLES `tab_permission` WRITE;
/*!40000 ALTER TABLE `tab_permission` DISABLE KEYS */;
INSERT INTO `tab_permission` VALUES (1,'用户管理','YHGL'),(2,'退款记录管理','TKJLGL'),(3,'财付通订单管理','CFTGL'),(4,'修改用户信息','YHGLX'),(5,'删除用户','YHGLS'),(6,'添加用户','YHGLT'),(7,'退款记录管理审核','TKJLGLS');
/*!40000 ALTER TABLE `tab_permission` ENABLE KEYS */;
UNLOCK TABLES;

--
-- Table structure for table `tab_role`
--

DROP TABLE IF EXISTS `tab_role`;
/*!40101 SET @saved_cs_client     = @@character_set_client */;
/*!40101 SET character_set_client = utf8 */;
CREATE TABLE `tab_role` (
  `role_id` bigint(20) NOT NULL AUTO_INCREMENT,
  `create_user_id` bigint(20) NOT NULL,
  `role_name` varchar(255) NOT NULL,
  `role_code` varchar(255) CHARACTER SET utf8 COLLATE utf8_bin NOT NULL,
  `create_date` datetime NOT NULL,
  PRIMARY KEY (`role_id`)
) ENGINE=InnoDB AUTO_INCREMENT=3 DEFAULT CHARSET=utf8 COMMENT='角色';
/*!40101 SET character_set_client = @saved_cs_client */;

--
-- Dumping data for table `tab_role`
--

LOCK TABLES `tab_role` WRITE;
/*!40000 ALTER TABLE `tab_role` DISABLE KEYS */;
INSERT INTO `tab_role` VALUES (1,1,'超级管理员','administrator','2014-03-28 16:26:33'),(2,1,'一般用户','customerservice','2014-03-28 16:30:03');
/*!40000 ALTER TABLE `tab_role` ENABLE KEYS */;
UNLOCK TABLES;

--
-- Table structure for table `tab_role_permission`
--

DROP TABLE IF EXISTS `tab_role_permission`;
/*!40101 SET @saved_cs_client     = @@character_set_client */;
/*!40101 SET character_set_client = utf8 */;
CREATE TABLE `tab_role_permission` (
  `role_permission_id` bigint(20) NOT NULL AUTO_INCREMENT,
  `role_id` bigint(20) NOT NULL,
  `permission_id` bigint(20) NOT NULL,
  PRIMARY KEY (`role_permission_id`)
) ENGINE=InnoDB AUTO_INCREMENT=12 DEFAULT CHARSET=utf8 COMMENT='角色权限';
/*!40101 SET character_set_client = @saved_cs_client */;

--
-- Dumping data for table `tab_role_permission`
--

LOCK TABLES `tab_role_permission` WRITE;
/*!40000 ALTER TABLE `tab_role_permission` DISABLE KEYS */;
INSERT INTO `tab_role_permission` VALUES (1,1,1),(2,1,2),(3,1,3),(4,2,2),(5,2,3),(7,1,4),(8,1,5),(9,1,6),(10,1,7),(11,2,1);
/*!40000 ALTER TABLE `tab_role_permission` ENABLE KEYS */;
UNLOCK TABLES;

--
-- Table structure for table `tab_user`
--

DROP TABLE IF EXISTS `tab_user`;
/*!40101 SET @saved_cs_client     = @@character_set_client */;
/*!40101 SET character_set_client = utf8 */;
CREATE TABLE `tab_user` (
  `user_id` bigint(20) NOT NULL AUTO_INCREMENT,
  `user_name` varchar(255) NOT NULL,
  `password` varchar(255) NOT NULL,
  `create_date` datetime NOT NULL,
  `status` smallint(6) NOT NULL,
  PRIMARY KEY (`user_id`),
  UNIQUE KEY `user_id` (`user_id`) USING BTREE,
  UNIQUE KEY `user_name` (`user_name`)
) ENGINE=InnoDB AUTO_INCREMENT=51 DEFAULT CHARSET=utf8 COMMENT='TAB_USER,用户';
/*!40101 SET character_set_client = @saved_cs_client */;

--
-- Dumping data for table `tab_user`
--

LOCK TABLES `tab_user` WRITE;
/*!40000 ALTER TABLE `tab_user` DISABLE KEYS */;
INSERT INTO `tab_user` VALUES (1,'root','e10adc3949ba59abbe56e057f20f883e','2014-03-28 16:21:29',0),(46,'测试2','e10adc3949ba59abbe56e057f20f883e','2014-06-16 16:06:44',0),(47,'测试4','e10adc3949ba59abbe56e057f20f883e','2014-06-16 16:06:44',0),(48,'测试1','e10adc3949ba59abbe56e057f20f883e','2014-07-28 11:29:47',1),(49,'test','e10adc3949ba59abbe56e057f20f883e','2014-09-14 15:58:20',1),(50,'蓝伟康','7fc3ee9aad33036cc501b2ca7c163fc1','2014-10-03 05:31:20',1);
/*!40000 ALTER TABLE `tab_user` ENABLE KEYS */;
UNLOCK TABLES;

--
-- Table structure for table `tab_user_role`
--

DROP TABLE IF EXISTS `tab_user_role`;
/*!40101 SET @saved_cs_client     = @@character_set_client */;
/*!40101 SET character_set_client = utf8 */;
CREATE TABLE `tab_user_role` (
  `user_role_id` bigint(20) NOT NULL AUTO_INCREMENT,
  `user_id` bigint(20) NOT NULL,
  `role_id` bigint(20) NOT NULL,
  PRIMARY KEY (`user_role_id`)
) ENGINE=InnoDB AUTO_INCREMENT=46 DEFAULT CHARSET=utf8 COMMENT='用户角色';
/*!40101 SET character_set_client = @saved_cs_client */;

--
-- Dumping data for table `tab_user_role`
--

LOCK TABLES `tab_user_role` WRITE;
/*!40000 ALTER TABLE `tab_user_role` DISABLE KEYS */;
INSERT INTO `tab_user_role` VALUES (1,1,1),(2,2,2),(3,2,1),(4,3,1),(5,2,2),(6,3,2),(7,4,2),(8,5,2),(9,6,2),(10,7,2),(11,8,2),(12,9,2),(13,10,2),(14,11,2),(15,12,2),(16,13,2),(17,14,2),(18,15,2),(19,16,2),(20,17,2),(21,19,2),(22,20,2),(23,22,2),(28,32,2),(29,32,2),(30,34,2),(31,34,2),(32,36,2),(33,36,2),(34,38,2),(35,38,2),(40,47,2),(41,48,2),(42,50,1),(45,46,2);
/*!40000 ALTER TABLE `tab_user_role` ENABLE KEYS */;
UNLOCK TABLES;
/*!40103 SET TIME_ZONE=@OLD_TIME_ZONE */;

/*!40101 SET SQL_MODE=@OLD_SQL_MODE */;
/*!40014 SET FOREIGN_KEY_CHECKS=@OLD_FOREIGN_KEY_CHECKS */;
/*!40014 SET UNIQUE_CHECKS=@OLD_UNIQUE_CHECKS */;
/*!40101 SET CHARACTER_SET_CLIENT=@OLD_CHARACTER_SET_CLIENT */;
/*!40101 SET CHARACTER_SET_RESULTS=@OLD_CHARACTER_SET_RESULTS */;
/*!40101 SET COLLATION_CONNECTION=@OLD_COLLATION_CONNECTION */;
/*!40111 SET SQL_NOTES=@OLD_SQL_NOTES */;

-- Dump completed on 2015-02-09 17:46:39
